/*******************************************************************************
 * Size: 16 px
 * Bpp: 4
 * Opts: --font C:\Windows\Fonts\simhei.ttf --size 16 --bpp 4 --no-compress --format lvgl --lv-font-name font_cn_16 -o F:\B\硬件设计\esp32串口记录仪\main\font_cn_16.c -r 0x20-0x7F --symbols 。上下不丢个中串件位余保停偶储入六共关写分制刷前剩功十卡发取口后回在地失奇字存小尾已帧常年应开式当录径待必志态成打持挂据掉支效数文新无日时是最月期未末板校格止正段法波测特状率用电的目秒空等节试请读败走路载返进送通重钟长闭间页须验，
 ******************************************************************************/

#ifdef LV_LVGL_H_INCLUDE_SIMPLE
#include "lvgl.h"
#else
#include "lvgl/lvgl.h"
#endif

#ifndef FONT_CN_16
#define FONT_CN_16 1
#endif

#if FONT_CN_16

/*-----------------
 *    BITMAPS
 *----------------*/

/*Store the image of the glyphs*/
static LV_ATTRIBUTE_LARGE_CONST const uint8_t glyph_bitmap[] = {
    /* U+0020 " " */

    /* U+0021 "!" */
    0xfb, 0xea, 0xea, 0xd9, 0xc8, 0xb7, 0xa6, 0xa6,
    0x85, 0x0, 0xfb, 0xfc,

    /* U+0022 "\"" */
    0xf6, 0x7e, 0xe4, 0x6c, 0xd3, 0x5b, 0x61, 0x25,

    /* U+0023 "#" */
    0x0, 0x78, 0x6, 0x90, 0x0, 0x96, 0x8, 0x70,
    0x0, 0xa5, 0x9, 0x60, 0x0, 0xc4, 0xb, 0x50,
    0xbf, 0xff, 0xff, 0xf8, 0x23, 0xf3, 0x3f, 0x41,
    0x1, 0xe0, 0xf, 0x0, 0x4, 0xc0, 0x3d, 0x0,
    0xbf, 0xff, 0xff, 0xf8, 0x29, 0x93, 0x8a, 0x31,
    0x9, 0x60, 0x87, 0x0, 0xb, 0x40, 0xa5, 0x0,

    /* U+0024 "$" */
    0x0, 0x9, 0x50, 0x0, 0xa, 0xff, 0x80, 0x9,
    0xdb, 0xaf, 0x40, 0xd6, 0x95, 0xc9, 0xd, 0x89,
    0x52, 0x20, 0x8f, 0xd5, 0x0, 0x0, 0x9f, 0xb1,
    0x0, 0x0, 0x9f, 0xe1, 0x0, 0x9, 0x7e, 0x92,
    0xe3, 0x95, 0x9c, 0xf, 0x69, 0x5a, 0xb0, 0xbd,
    0xb9, 0xf6, 0x1, 0xbf, 0xf8, 0x0, 0x0, 0x95,
    0x0, 0x0, 0x4, 0x20, 0x0,

    /* U+0025 "%" */
    0x1d, 0xc0, 0x1, 0x40, 0x78, 0xa5, 0x7, 0x20,
    0x96, 0x87, 0x9, 0x0, 0x96, 0x87, 0x44, 0x0,
    0x78, 0xa5, 0x90, 0x0, 0x1d, 0xc3, 0x70, 0x0,
    0x0, 0x8, 0x3d, 0xb0, 0x0, 0x8, 0x87, 0xb4,
    0x0, 0x63, 0xa5, 0x96, 0x0, 0x90, 0xa5, 0x96,
    0x3, 0x50, 0x87, 0xb4, 0x7, 0x0, 0x2d, 0xb0,

    /* U+0026 "&" */
    0x0, 0x8e, 0xc1, 0x0, 0x4, 0xf5, 0xc8, 0x0,
    0x7, 0xb0, 0x8a, 0x0, 0x6, 0xc0, 0xc7, 0x0,
    0x2, 0xfa, 0xc0, 0x0, 0x0, 0xec, 0x0, 0x0,
    0xb, 0xdf, 0x10, 0x50, 0x6e, 0xc, 0xa2, 0xf0,
    0x9b, 0x3, 0xfb, 0xe0, 0x7d, 0x0, 0x6f, 0xa0,
    0x2f, 0x94, 0xaf, 0xf6, 0x4, 0xdf, 0xc2, 0x73,

    /* U+0027 "'" */
    0x3f, 0x22, 0xf0, 0x1f, 0x0, 0x70,

    /* U+0028 "(" */
    0x0, 0x2, 0x0, 0x1, 0xe3, 0x0, 0xb6, 0x0,
    0x5c, 0x0, 0xc, 0x40, 0x1, 0xe0, 0x0, 0x3b,
    0x0, 0x5, 0x90, 0x0, 0x59, 0x0, 0x3, 0xb0,
    0x0, 0xe, 0x0, 0x0, 0xb4, 0x0, 0x4, 0xd0,
    0x0, 0xa, 0x80, 0x0, 0xd, 0x30, 0x0, 0x10,

    /* U+0029 ")" */
    0x11, 0x0, 0x6, 0xc0, 0x0, 0x9, 0x90, 0x0,
    0xe, 0x20, 0x0, 0x79, 0x0, 0x1, 0xd0, 0x0,
    0xe, 0x0, 0x0, 0xc2, 0x0, 0xc, 0x20, 0x0,
    0xe0, 0x0, 0x2d, 0x0, 0x7, 0x80, 0x1, 0xe1,
    0x0, 0xb7, 0x0, 0x6b, 0x0, 0x0, 0x0, 0x0,

    /* U+002A "*" */
    0x0, 0x9, 0x90, 0x0, 0x12, 0x9, 0x90, 0x21,
    0x7f, 0x78, 0x87, 0xf7, 0x5, 0xdf, 0xfd, 0x50,
    0x1, 0x9f, 0xf9, 0x10, 0x5e, 0xca, 0xac, 0xe5,
    0x37, 0x8, 0x80, 0x73, 0x0, 0x9, 0x90, 0x0,
    0x0, 0x5, 0x50, 0x0,

    /* U+002B "+" */
    0x0, 0x6, 0x40, 0x0, 0x0, 0xa, 0x70, 0x0,
    0x0, 0xa, 0x70, 0x0, 0x0, 0xa, 0x70, 0x0,
    0xaf, 0xff, 0xff, 0xf7, 0x12, 0x2a, 0x82, 0x21,
    0x0, 0xa, 0x70, 0x0, 0x0, 0xa, 0x70, 0x0,

    /* U+002C "," */
    0x55, 0xbc, 0x38, 0x82,

    /* U+002D "-" */
    0xaf, 0xff, 0xff, 0xf6, 0x12, 0x22, 0x22, 0x20,

    /* U+002E "." */
    0x55, 0xcb,

    /* U+002F "/" */
    0x0, 0x0, 0x0, 0x22, 0x0, 0x0, 0x0, 0xb2,
    0x0, 0x0, 0x3, 0x90, 0x0, 0x0, 0xb, 0x10,
    0x0, 0x0, 0x48, 0x0, 0x0, 0x0, 0xc1, 0x0,
    0x0, 0x5, 0x80, 0x0, 0x0, 0xc, 0x0, 0x0,
    0x0, 0x57, 0x0, 0x0, 0x0, 0xc0, 0x0, 0x0,
    0x6, 0x60, 0x0, 0x0, 0xc, 0x0, 0x0, 0x0,
    0x76, 0x0, 0x0, 0x0, 0x30, 0x0, 0x0, 0x0,

    /* U+0030 "0" */
    0x0, 0x8e, 0xe6, 0x0, 0x7, 0xf7, 0x7f, 0x40,
    0xf, 0x70, 0x9, 0xb0, 0x3f, 0x10, 0x4, 0xf0,
    0x6e, 0x0, 0x2, 0xf1, 0x6d, 0x0, 0x1, 0xf2,
    0x6d, 0x0, 0x1, 0xf2, 0x5e, 0x0, 0x2, 0xf1,
    0x2f, 0x20, 0x5, 0xf0, 0xd, 0x80, 0xb, 0xa0,
    0x5, 0xfa, 0xbf, 0x30, 0x0, 0x4c, 0xb3, 0x0,
    0x0, 0x0, 0x0, 0x0,

    /* U+0031 "1" */
    0x0, 0x6c, 0x3, 0xfc, 0x4f, 0xcc, 0x74, 0x8c,
    0x0, 0x8c, 0x0, 0x8c, 0x0, 0x8c, 0x0, 0x8c,
    0x0, 0x8c, 0x0, 0x8c, 0x0, 0x8c, 0x0, 0x8c,

    /* U+0032 "2" */
    0x0, 0x0, 0x0, 0x0, 0x1, 0xbf, 0xfa, 0x0,
    0xc, 0xe7, 0x7f, 0x80, 0x4f, 0x20, 0x8, 0xd0,
    0x2, 0x0, 0x7, 0xd0, 0x0, 0x0, 0xb, 0xa0,
    0x0, 0x0, 0x3f, 0x30, 0x0, 0x0, 0xda, 0x0,
    0x0, 0x8, 0xe1, 0x0, 0x0, 0x4f, 0x40, 0x0,
    0x2, 0xe8, 0x0, 0x0, 0xd, 0xe3, 0x33, 0x30,
    0x2f, 0xff, 0xff, 0xf1,

    /* U+0033 "3" */
    0x0, 0x5b, 0xb6, 0x0, 0x6, 0xe7, 0x8f, 0x70,
    0xe, 0x40, 0x8, 0xd0, 0x4, 0x0, 0x6, 0xd0,
    0x0, 0x0, 0x1d, 0x80, 0x0, 0x9, 0xfb, 0x0,
    0x0, 0x4, 0x9f, 0x50, 0x0, 0x0, 0x8, 0xe0,
    0x3, 0x0, 0x4, 0xf0, 0x3f, 0x20, 0x7, 0xe0,
    0xc, 0xd6, 0x6f, 0x70, 0x1, 0xaf, 0xe7, 0x0,

    /* U+0034 "4" */
    0x0, 0x0, 0x1f, 0x30, 0x0, 0x0, 0xbf, 0x30,
    0x0, 0x5, 0xff, 0x30, 0x0, 0xe, 0x6f, 0x30,
    0x0, 0x9c, 0xf, 0x30, 0x3, 0xf2, 0xf, 0x30,
    0xd, 0x70, 0xf, 0x30, 0x7d, 0x0, 0xf, 0x30,
    0xcf, 0xff, 0xff, 0xfa, 0x22, 0x22, 0x2f, 0x51,
    0x0, 0x0, 0xf, 0x30, 0x0, 0x0, 0xf, 0x30,

    /* U+0035 "5" */
    0x5, 0xff, 0xff, 0xb0, 0x8, 0xb3, 0x33, 0x20,
    0xb, 0x70, 0x0, 0x0, 0xe, 0x40, 0x0, 0x0,
    0x1f, 0xcf, 0xe8, 0x0, 0x4f, 0x84, 0x7f, 0x70,
    0x12, 0x0, 0x8, 0xe0, 0x0, 0x0, 0x4, 0xf0,
    0x22, 0x0, 0x4, 0xf0, 0x9b, 0x0, 0xa, 0xc0,
    0x3f, 0x95, 0xaf, 0x50, 0x5, 0xdf, 0xc4, 0x0,

    /* U+0036 "6" */
    0x0, 0x0, 0xe8, 0x0, 0x0, 0x8, 0xe0, 0x0,
    0x0, 0x1f, 0x50, 0x0, 0x0, 0xac, 0x0, 0x0,
    0x4, 0xfb, 0xa7, 0x0, 0xc, 0xfc, 0xcf, 0xc0,
    0x2f, 0x80, 0x4, 0xf5, 0x5f, 0x10, 0x0, 0xd8,
    0x5f, 0x0, 0x0, 0xc8, 0x2f, 0x30, 0x1, 0xf5,
    0xb, 0xd5, 0x4c, 0xd0, 0x0, 0x9e, 0xfc, 0x20,

    /* U+0037 "7" */
    0x5f, 0xff, 0xff, 0xf6, 0x13, 0x33, 0x35, 0xf3,
    0x0, 0x0, 0x9, 0xb0, 0x0, 0x0, 0x1f, 0x30,
    0x0, 0x0, 0x7c, 0x0, 0x0, 0x0, 0xe5, 0x0,
    0x0, 0x4, 0xf0, 0x0, 0x0, 0xa, 0xa0, 0x0,
    0x0, 0xe, 0x50, 0x0, 0x0, 0x4f, 0x0, 0x0,
    0x0, 0x8d, 0x0, 0x0, 0x0, 0xc9, 0x0, 0x0,

    /* U+0038 "8" */
    0x1, 0xbf, 0xe8, 0x0, 0xc, 0xa4, 0x6f, 0x70,
    0x1f, 0x0, 0x8, 0xc0, 0x2f, 0x0, 0x7, 0xc0,
    0xe, 0x80, 0x1d, 0x70, 0x4, 0xff, 0xfa, 0x0,
    0xd, 0xb5, 0x7e, 0x70, 0x6e, 0x0, 0x4, 0xf0,
    0x8b, 0x0, 0x1, 0xf2, 0x7e, 0x0, 0x6, 0xf1,
    0x2f, 0xc8, 0xaf, 0xa0, 0x4, 0xcf, 0xfa, 0x10,

    /* U+0039 "9" */
    0x2, 0xbf, 0xe7, 0x0, 0x1e, 0xc6, 0x8f, 0x70,
    0x7e, 0x10, 0x9, 0xe0, 0xab, 0x0, 0x5, 0xf0,
    0xab, 0x0, 0x7, 0xe0, 0x6f, 0x30, 0x1e, 0xa0,
    0xc, 0xfc, 0xff, 0x30, 0x0, 0x47, 0xeb, 0x0,
    0x0, 0x4, 0xf3, 0x0, 0x0, 0xb, 0xb0, 0x0,
    0x0, 0x3f, 0x20, 0x0, 0x0, 0xba, 0x0, 0x0,

    /* U+003A ":" */
    0xe9, 0x64, 0x0, 0x0, 0x0, 0x0, 0x64, 0xe9,

    /* U+003B ";" */
    0xe9, 0x64, 0x0, 0x0, 0x0, 0x0, 0x64, 0xe9,
    0x65, 0xa0,

    /* U+003C "<" */
    0x0, 0x0, 0x0, 0x0, 0x0, 0x0, 0x1, 0xd2,
    0x0, 0x0, 0x2d, 0x50, 0x0, 0x2, 0xd4, 0x0,
    0x0, 0x2d, 0x40, 0x0, 0x2, 0xd4, 0x0, 0x0,
    0x2d, 0x40, 0x0, 0x0, 0x1d, 0x50, 0x0, 0x0,
    0x1, 0xc6, 0x0, 0x0, 0x0, 0x1c, 0x60, 0x0,
    0x0, 0x0, 0xc7, 0x0, 0x0, 0x0, 0xc, 0x80,
    0x0, 0x0, 0x0, 0xb2, 0x0, 0x0, 0x0, 0x0,

    /* U+003D "=" */
    0xaf, 0xff, 0xff, 0xf6, 0x12, 0x22, 0x22, 0x20,
    0x0, 0x0, 0x0, 0x0, 0x0, 0x0, 0x0, 0x0,
    0xaf, 0xff, 0xff, 0xf6, 0x12, 0x22, 0x22, 0x20,

    /* U+003E ">" */
    0x0, 0x0, 0x0, 0x0, 0x4c, 0x10, 0x0, 0x0,
    0x6, 0xc1, 0x0, 0x0, 0x0, 0x6c, 0x10, 0x0,
    0x0, 0x6, 0xc1, 0x0, 0x0, 0x0, 0x5c, 0x10,
    0x0, 0x0, 0x5, 0xd1, 0x0, 0x0, 0x7, 0xc0,
    0x0, 0x0, 0x7b, 0x0, 0x0, 0x8, 0xb0, 0x0,
    0x0, 0x9a, 0x0, 0x0, 0x9, 0xa0, 0x0, 0x0,
    0x4a, 0x0, 0x0, 0x0, 0x0, 0x0, 0x0, 0x0,

    /* U+003F "?" */
    0x0, 0x9e, 0xe8, 0x0, 0x9e, 0x67, 0xf6, 0xf,
    0x70, 0xc, 0xb1, 0xd3, 0x0, 0xcc, 0x0, 0x0,
    0x2f, 0x70, 0x0, 0xd, 0xc0, 0x0, 0x8, 0xe1,
    0x0, 0x0, 0xc6, 0x0, 0x0, 0x4, 0x10, 0x0,
    0x0, 0x0, 0x0, 0x0, 0x9, 0x40, 0x0, 0x0,
    0xf7, 0x0,

    /* U+0040 "@" */
    0x0, 0x69, 0x89, 0x10, 0x6, 0x50, 0x1, 0x90,
    0x9, 0x7, 0xbb, 0x82, 0x54, 0x5a, 0x2d, 0x45,
    0x81, 0xc2, 0x4a, 0x27, 0x91, 0xe0, 0x67, 0x27,
    0x93, 0xc0, 0x95, 0x45, 0x92, 0xe1, 0xd4, 0x91,
    0x72, 0x9d, 0x7e, 0x60, 0x37, 0x0, 0x0, 0x0,
    0x9, 0x20, 0x4, 0x30, 0x0, 0x88, 0x86, 0x0,

    /* U+0041 "A" */
    0x0, 0xd, 0xb0, 0x0, 0x0, 0x1f, 0xf0, 0x0,
    0x0, 0x5f, 0xf3, 0x0, 0x0, 0x9a, 0xd7, 0x0,
    0x0, 0xd7, 0x9b, 0x0, 0x1, 0xf3, 0x5f, 0x0,
    0x6, 0xf0, 0x2f, 0x40, 0xa, 0xff, 0xff, 0x80,
    0xe, 0x93, 0x3a, 0xc0, 0x2f, 0x40, 0x6, 0xf0,
    0x6f, 0x0, 0x2, 0xf4, 0xac, 0x0, 0x0, 0xe8,

    /* U+0042 "B" */
    0x5f, 0xff, 0xe9, 0x0, 0x5f, 0x54, 0x6e, 0xa0,
    0x5f, 0x20, 0x7, 0xf0, 0x5f, 0x20, 0x7, 0xf0,
    0x5f, 0x20, 0x2d, 0xb0, 0x5f, 0xff, 0xfd, 0x10,
    0x5f, 0x53, 0x6e, 0xb0, 0x5f, 0x20, 0x4, 0xf3,
    0x5f, 0x20, 0x2, 0xf5, 0x5f, 0x20, 0x5, 0xf4,
    0x5f, 0x54, 0x6e, 0xe0, 0x5f, 0xff, 0xea, 0x20,

    /* U+0043 "C" */
    0x0, 0x6d, 0xfa, 0x10, 0x5, 0xf8, 0x5d, 0xb0,
    0xd, 0xa0, 0x4, 0xf2, 0x2f, 0x40, 0x1, 0xf4,
    0x5f, 0x20, 0x0, 0x51, 0x6f, 0x10, 0x0, 0x0,
    0x6f, 0x10, 0x0, 0x0, 0x6f, 0x10, 0x0, 0xc5,
    0x3f, 0x40, 0x1, 0xf5, 0xf, 0x90, 0x5, 0xf1,
    0x7, 0xf8, 0x6e, 0xa0, 0x0, 0x7e, 0xfa, 0x0,

    /* U+0044 "D" */
    0x5f, 0xff, 0xb3, 0x0, 0x5f, 0x55, 0xcf, 0x40,
    0x5f, 0x20, 0xd, 0xc0, 0x5f, 0x20, 0x7, 0xf1,
    0x5f, 0x20, 0x4, 0xf3, 0x5f, 0x20, 0x3, 0xf4,
    0x5f, 0x20, 0x3, 0xf4, 0x5f, 0x20, 0x4, 0xf3,
    0x5f, 0x20, 0x7, 0xf1, 0x5f, 0x20, 0xd, 0xb0,
    0x5f, 0x55, 0xcf, 0x30, 0x5f, 0xff, 0xb2, 0x0,

    /* U+0045 "E" */
    0x2f, 0xff, 0xff, 0xf0, 0x2f, 0x84, 0x44, 0x40,
    0x2f, 0x50, 0x0, 0x0, 0x2f, 0x50, 0x0, 0x0,
    0x2f, 0x50, 0x0, 0x0, 0x2f, 0xff, 0xff, 0x90,
    0x2f, 0x73, 0x33, 0x10, 0x2f, 0x50, 0x0, 0x0,
    0x2f, 0x50, 0x0, 0x0, 0x2f, 0x50, 0x0, 0x0,
    0x2f, 0x74, 0x44, 0x41, 0x2f, 0xff, 0xff, 0xf4,

    /* U+0046 "F" */
    0x4f, 0xff, 0xff, 0xf5, 0x4f, 0x64, 0x44, 0x41,
    0x4f, 0x30, 0x0, 0x0, 0x4f, 0x30, 0x0, 0x0,
    0x4f, 0x30, 0x0, 0x0, 0x4f, 0x30, 0x0, 0x0,
    0x4f, 0xff, 0xff, 0x10, 0x4f, 0x63, 0x33, 0x0,
    0x4f, 0x30, 0x0, 0x0, 0x4f, 0x30, 0x0, 0x0,
    0x4f, 0x30, 0x0, 0x0, 0x4f, 0x30, 0x0, 0x0,

    /* U+0047 "G" */
    0x0, 0x7e, 0xf9, 0x0, 0x6, 0xf7, 0x6f, 0x70,
    0xe, 0x80, 0x8, 0xe0, 0x2f, 0x40, 0x4, 0xf0,
    0x5f, 0x20, 0x0, 0x20, 0x6f, 0x10, 0x0, 0x0,
    0x6f, 0x11, 0xff, 0xf2, 0x6f, 0x10, 0x35, 0xf2,
    0x4f, 0x40, 0x2, 0xf2, 0xf, 0x90, 0x5, 0xf2,
    0x7, 0xf8, 0x6e, 0xf2, 0x0, 0x8e, 0xe7, 0xf2,

    /* U+0048 "H" */
    0x5f, 0x20, 0x5, 0xf2, 0x5f, 0x20, 0x5, 0xf2,
    0x5f, 0x20, 0x5, 0xf2, 0x5f, 0x20, 0x5, 0xf2,
    0x5f, 0x20, 0x5, 0xf2, 0x5f, 0xff, 0xff, 0xf2,
    0x5f, 0x53, 0x37, 0xf2, 0x5f, 0x20, 0x5, 0xf2,
    0x5f, 0x20, 0x5, 0xf2, 0x5f, 0x20, 0x5, 0xf2,
    0x5f, 0x20, 0x5, 0xf2, 0x5f, 0x20, 0x5, 0xf2,

    /* U+0049 "I" */
    0xda, 0xda, 0xda, 0xda, 0xda, 0xda, 0xda, 0xda,
    0xda, 0xda, 0xda, 0xda,

    /* U+004A "J" */
    0x0, 0x0, 0x7, 0xf0, 0x0, 0x0, 0x7f, 0x0,
    0x0, 0x7, 0xf0, 0x0, 0x0, 0x7f, 0x0, 0x0,
    0x7, 0xf0, 0x0, 0x0, 0x7f, 0x0, 0x0, 0x7,
    0xf2, 0xa2, 0x0, 0x7f, 0x2f, 0x40, 0x7, 0xf0,
    0xf7, 0x0, 0xad, 0xa, 0xf7, 0x9f, 0x70, 0x9,
    0xee, 0x80,

    /* U+004B "K" */
    0x5f, 0x20, 0xa, 0xe1, 0x5f, 0x20, 0x5f, 0x50,
    0x5f, 0x21, 0xe9, 0x0, 0x5f, 0x2b, 0xd0, 0x0,
    0x5f, 0x8f, 0x40, 0x0, 0x5f, 0xff, 0x70, 0x0,
    0x5f, 0xca, 0xe0, 0x0, 0x5f, 0x32, 0xf6, 0x0,
    0x5f, 0x20, 0xbe, 0x0, 0x5f, 0x20, 0x3f, 0x60,
    0x5f, 0x20, 0xb, 0xd0, 0x5f, 0x20, 0x3, 0xf6,

    /* U+004C "L" */
    0x4f, 0x30, 0x0, 0x0, 0x4f, 0x30, 0x0, 0x0,
    0x4f, 0x30, 0x0, 0x0, 0x4f, 0x30, 0x0, 0x0,
    0x4f, 0x30, 0x0, 0x0, 0x4f, 0x30, 0x0, 0x0,
    0x4f, 0x30, 0x0, 0x0, 0x4f, 0x30, 0x0, 0x0,
    0x4f, 0x30, 0x0, 0x0, 0x4f, 0x30, 0x0, 0x0,
    0x4f, 0x64, 0x44, 0x41, 0x4f, 0xff, 0xff, 0xf4,

    /* U+004D "M" */
    0x7f, 0x90, 0xb, 0xf5, 0x7f, 0xc0, 0xe, 0xf5,
    0x7f, 0xe0, 0xf, 0xf5, 0x7e, 0xf1, 0x3e, 0xf5,
    0x7d, 0xd4, 0x6b, 0xf5, 0x7d, 0xa6, 0x88, 0xf5,
    0x7d, 0x89, 0xb6, 0xf5, 0x7d, 0x5c, 0xe3, 0xf5,
    0x7d, 0x2f, 0xf0, 0xf5, 0x7d, 0xf, 0xd0, 0xf5,
    0x7d, 0xd, 0xb0, 0xf5, 0x7d, 0xa, 0x80, 0xf5,

    /* U+004E "N" */
    0x6f, 0x60, 0x5, 0xf2, 0x6f, 0xc0, 0x5, 0xf2,
    0x6f, 0xf2, 0x5, 0xf2, 0x6f, 0xd9, 0x5, 0xf2,
    0x6f, 0x7e, 0x5, 0xf2, 0x6f, 0x1f, 0x55, 0xf2,
    0x6f, 0x19, 0xc5, 0xf2, 0x6f, 0x13, 0xf7, 0xf2,
    0x6f, 0x10, 0xdd, 0xf2, 0x6f, 0x10, 0x6f, 0xf2,
    0x6f, 0x10, 0x1f, 0xf2, 0x6f, 0x10, 0xa, 0xf2,

    /* U+004F "O" */
    0x0, 0x9f, 0xe8, 0x0, 0xa, 0xf6, 0x7f, 0x80,
    0x2f, 0x60, 0x9, 0xe0, 0x5f, 0x10, 0x4, 0xf2,
    0x7f, 0x0, 0x2, 0xf4, 0x8f, 0x0, 0x2, 0xf5,
    0x8f, 0x0, 0x2, 0xf5, 0x7f, 0x0, 0x2, 0xf4,
    0x5f, 0x10, 0x4, 0xf2, 0x1f, 0x60, 0x9, 0xe0,
    0xa, 0xf6, 0x7f, 0x70, 0x0, 0x9f, 0xe8, 0x0,

    /* U+0050 "P" */
    0x3f, 0xff, 0xea, 0x10, 0x3f, 0x74, 0x6d, 0xc0,
    0x3f, 0x40, 0x4, 0xf3, 0x3f, 0x40, 0x1, 0xf5,
    0x3f, 0x40, 0x3, 0xf3, 0x3f, 0x40, 0x2b, 0xe0,
    0x3f, 0xff, 0xfe, 0x30, 0x3f, 0x63, 0x20, 0x0,
    0x3f, 0x40, 0x0, 0x0, 0x3f, 0x40, 0x0, 0x0,
    0x3f, 0x40, 0x0, 0x0, 0x3f, 0x40, 0x0, 0x0,

    /* U+0051 "Q" */
    0x0, 0x9f, 0xe8, 0x0, 0xa, 0xf6, 0x7f, 0x80,
    0x2f, 0x60, 0x9, 0xe0, 0x5f, 0x10, 0x4, 0xf2,
    0x7f, 0x0, 0x2, 0xf4, 0x8f, 0x0, 0x2, 0xf5,
    0x8f, 0x0, 0x2, 0xf5, 0x7f, 0x0, 0x73, 0xf4,
    0x5f, 0x10, 0xfb, 0xf2, 0x1f, 0x60, 0x8f, 0xe0,
    0xa, 0xf6, 0x8f, 0x90, 0x0, 0x9f, 0xed, 0xc0,
    0x0, 0x0, 0x2, 0x30,

    /* U+0052 "R" */
    0x5f, 0xff, 0xe9, 0x0, 0x5f, 0x54, 0x7f, 0xb0,
    0x5f, 0x20, 0x7, 0xf1, 0x5f, 0x20, 0x4, 0xf2,
    0x5f, 0x20, 0x6, 0xf1, 0x5f, 0x20, 0x3d, 0xc0,
    0x5f, 0xff, 0xfd, 0x20, 0x5f, 0x54, 0xf5, 0x0,
    0x5f, 0x20, 0xad, 0x0, 0x5f, 0x20, 0x2f, 0x40,
    0x5f, 0x20, 0xb, 0xc0, 0x5f, 0x20, 0x3, 0xf4,

    /* U+0053 "S" */
    0x0, 0x9e, 0xe9, 0x0, 0xa, 0xe6, 0x8f, 0x60,
    0xf, 0x50, 0xa, 0xc0, 0x2f, 0x50, 0x2, 0x50,
    0xd, 0xe4, 0x0, 0x0, 0x2, 0xcf, 0xc3, 0x0,
    0x0, 0x5, 0xdf, 0x50, 0x0, 0x0, 0xb, 0xf0,
    0x5d, 0x0, 0x4, 0xf3, 0x4f, 0x30, 0x5, 0xf1,
    0xd, 0xd5, 0x6e, 0xb0, 0x2, 0xbe, 0xe9, 0x10,

    /* U+0054 "T" */
    0x5f, 0xff, 0xff, 0xf2, 0x14, 0x4d, 0xb4, 0x40,
    0x0, 0xd, 0xa0, 0x0, 0x0, 0xd, 0xa0, 0x0,
    0x0, 0xd, 0xa0, 0x0, 0x0, 0xd, 0xa0, 0x0,
    0x0, 0xd, 0xa0, 0x0, 0x0, 0xd, 0xa0, 0x0,
    0x0, 0xd, 0xa0, 0x0, 0x0, 0xd, 0xa0, 0x0,
    0x0, 0xd, 0xa0, 0x0, 0x0, 0xd, 0xa0, 0x0,

    /* U+0055 "U" */
    0x5f, 0x20, 0x4, 0xf3, 0x5f, 0x20, 0x4, 0xf3,
    0x5f, 0x20, 0x4, 0xf3, 0x5f, 0x20, 0x4, 0xf3,
    0x5f, 0x20, 0x4, 0xf3, 0x5f, 0x20, 0x4, 0xf3,
    0x5f, 0x20, 0x4, 0xf3, 0x5f, 0x20, 0x4, 0xf3,
    0x4f, 0x20, 0x4, 0xf2, 0x2f, 0x40, 0x7, 0xf0,
    0xc, 0xe5, 0x6e, 0xa0, 0x1, 0xbe, 0xea, 0x10,

    /* U+0056 "V" */
    0xbb, 0x0, 0x0, 0xf7, 0x7f, 0x0, 0x3, 0xf3,
    0x3f, 0x30, 0x7, 0xf0, 0xf, 0x70, 0xb, 0xb0,
    0xb, 0xb0, 0xf, 0x70, 0x7, 0xe0, 0x3f, 0x30,
    0x2, 0xf2, 0x6e, 0x0, 0x0, 0xe6, 0xaa, 0x0,
    0x0, 0xaa, 0xe6, 0x0, 0x0, 0x6f, 0xf2, 0x0,
    0x0, 0x2f, 0xe0, 0x0, 0x0, 0xe, 0xa0, 0x0,

    /* U+0057 "W" */
    0xe7, 0xe, 0x90, 0xba, 0xc9, 0xf, 0xb0, 0xd8,
    0xaa, 0x1f, 0xd0, 0xe6, 0x8b, 0x3c, 0xf0, 0xf4,
    0x6d, 0x5a, 0xe3, 0xf2, 0x4e, 0x78, 0xc6, 0xf0,
    0x3f, 0xa6, 0xa9, 0xf0, 0x1f, 0xd4, 0x8d, 0xd0,
    0xf, 0xf2, 0x6f, 0xb0, 0xd, 0xf0, 0x4f, 0x90,
    0xb, 0xe0, 0x2f, 0x70, 0x9, 0xc0, 0xf, 0x50,

    /* U+0058 "X" */
    0x3f, 0x40, 0x8, 0xe0, 0xb, 0xa0, 0xe, 0x70,
    0x4, 0xf1, 0x5f, 0x10, 0x0, 0xd8, 0xc9, 0x0,
    0x0, 0x5f, 0xf2, 0x0, 0x0, 0xe, 0xb0, 0x0,
    0x0, 0x3f, 0xe0, 0x0, 0x0, 0xab, 0xe6, 0x0,
    0x2, 0xf4, 0x8d, 0x0, 0x9, 0xd0, 0x1f, 0x50,
    0x1f, 0x60, 0xa, 0xc0, 0x8e, 0x0, 0x3, 0xf4,

    /* U+0059 "Y" */
    0x8e, 0x0, 0x1, 0xf5, 0x1f, 0x50, 0x8, 0xe0,
    0xa, 0xc0, 0xe, 0x70, 0x3, 0xf2, 0x5f, 0x0,
    0x0, 0xb9, 0xc8, 0x0, 0x0, 0x4f, 0xf2, 0x0,
    0x0, 0xe, 0xb0, 0x0, 0x0, 0xd, 0xa0, 0x0,
    0x0, 0xd, 0xa0, 0x0, 0x0, 0xd, 0xa0, 0x0,
    0x0, 0xd, 0xa0, 0x0, 0x0, 0xd, 0xa0, 0x0,

    /* U+005A "Z" */
    0x1f, 0xff, 0xff, 0xf1, 0x4, 0x44, 0x4b, 0xe0,
    0x0, 0x0, 0x1f, 0x60, 0x0, 0x0, 0x9d, 0x0,
    0x0, 0x2, 0xf5, 0x0, 0x0, 0xa, 0xc0, 0x0,
    0x0, 0x2f, 0x40, 0x0, 0x0, 0xbb, 0x0, 0x0,
    0x3, 0xf3, 0x0, 0x0, 0xc, 0xa0, 0x0, 0x0,
    0x4f, 0x64, 0x44, 0x41, 0x7f, 0xff, 0xff, 0xf4,

    /* U+005B "[" */
    0xdf, 0xff, 0xe, 0x42, 0x20, 0xe3, 0x0, 0xe,
    0x30, 0x0, 0xe3, 0x0, 0xe, 0x30, 0x0, 0xe3,
    0x0, 0xe, 0x30, 0x0, 0xe3, 0x0, 0xe, 0x30,
    0x0, 0xe3, 0x0, 0xe, 0x30, 0x0, 0xe3, 0x0,
    0xe, 0x30, 0x0, 0xef, 0xff, 0x1, 0x22, 0x20,

    /* U+005C "\\" */
    0xe, 0x0, 0x0, 0x0, 0xa, 0x50, 0x0, 0x0,
    0x4, 0xb0, 0x0, 0x0, 0x0, 0xd2, 0x0, 0x0,
    0x0, 0x87, 0x0, 0x0, 0x0, 0x2d, 0x0, 0x0,
    0x0, 0xc, 0x30, 0x0, 0x0, 0x6, 0x90, 0x0,
    0x0, 0x0, 0xe0, 0x0, 0x0, 0x0, 0xa5, 0x0,
    0x0, 0x0, 0x4b, 0x0, 0x0, 0x0, 0xd, 0x20,
    0x0, 0x0, 0x8, 0x70, 0x0, 0x0, 0x2, 0xd0,

    /* U+005D "]" */
    0x3f, 0xff, 0xa0, 0x22, 0x7b, 0x0, 0x6, 0xb0,
    0x0, 0x6b, 0x0, 0x6, 0xb0, 0x0, 0x6b, 0x0,
    0x6, 0xb0, 0x0, 0x6b, 0x0, 0x6, 0xb0, 0x0,
    0x6b, 0x0, 0x6, 0xb0, 0x0, 0x6b, 0x0, 0x6,
    0xb0, 0x0, 0x6b, 0x3f, 0xff, 0xb0, 0x22, 0x21,

    /* U+005E "^" */
    0x0, 0x4f, 0xe1, 0x0, 0x1e, 0x8b, 0xb0, 0xb,
    0x80, 0xb, 0x70,

    /* U+005F "_" */
    0xcc, 0xcc, 0xcc, 0xcb,

    /* U+0060 "`" */
    0x9f, 0x30, 0xa, 0xc0, 0x0, 0xc6,

    /* U+0061 "a" */
    0x1, 0xae, 0xe9, 0x0, 0xa, 0xd4, 0x4e, 0x70,
    0x6, 0x30, 0xb, 0xa0, 0x0, 0x6b, 0xef, 0xb0,
    0xd, 0xd8, 0x59, 0xb0, 0x4f, 0x20, 0xa, 0xb0,
    0x2f, 0x51, 0x8f, 0xb0, 0x7, 0xee, 0xa9, 0xe0,

    /* U+0062 "b" */
    0x4f, 0x0, 0x0, 0x0, 0x4f, 0x0, 0x0, 0x0,
    0x4f, 0x0, 0x0, 0x0, 0x4f, 0x0, 0x0, 0x0,
    0x4f, 0x5e, 0xf8, 0x0, 0x4f, 0xd4, 0x6f, 0x60,
    0x4f, 0x40, 0x9, 0xd0, 0x4f, 0x0, 0x5, 0xf0,
    0x4f, 0x0, 0x5, 0xf0, 0x4f, 0x40, 0x8, 0xd0,
    0x4f, 0xd4, 0x6f, 0x70, 0x4f, 0x6e, 0xe8, 0x0,

    /* U+0063 "c" */
    0x0, 0xaf, 0xe9, 0x0, 0xb, 0xd5, 0x5e, 0x90,
    0x3f, 0x30, 0x5, 0x90, 0x5f, 0x0, 0x0, 0x0,
    0x5f, 0x0, 0x1, 0x30, 0x3f, 0x30, 0x6, 0xf0,
    0xb, 0xd5, 0x5d, 0x90, 0x0, 0xaf, 0xe9, 0x0,

    /* U+0064 "d" */
    0x0, 0x0, 0x6, 0xe0, 0x0, 0x0, 0x6e, 0x0,
    0x0, 0x6, 0xe0, 0x0, 0x0, 0x6e, 0x2, 0xbf,
    0xc8, 0xe0, 0xcd, 0x47, 0xfe, 0x3f, 0x30, 0xa,
    0xe5, 0xf0, 0x0, 0x7e, 0x6f, 0x0, 0x6, 0xe3,
    0xf2, 0x0, 0x9e, 0xd, 0xb2, 0x5f, 0xe0, 0x2b,
    0xfc, 0x9e,

    /* U+0065 "e" */
    0x0, 0x9e, 0xe8, 0x0, 0xa, 0xd3, 0x4e, 0x80,
    0x2f, 0x40, 0x8, 0xe0, 0x4f, 0xff, 0xff, 0xf0,
    0x4f, 0x22, 0x22, 0x20, 0x2f, 0x30, 0x3, 0xa0,
    0xa, 0xd5, 0x4d, 0xb0, 0x0, 0x9e, 0xe9, 0x10,

    /* U+0066 "f" */
    0x0, 0x4, 0xdf, 0xd1, 0x0, 0xf, 0x84, 0x61,
    0x0, 0x2f, 0x10, 0x0, 0x0, 0x3f, 0x10, 0x0,
    0x5f, 0xff, 0xff, 0xa0, 0x1, 0x3f, 0x11, 0x0,
    0x0, 0x3f, 0x10, 0x0, 0x0, 0x3f, 0x10, 0x0,
    0x0, 0x3f, 0x10, 0x0, 0x0, 0x3f, 0x10, 0x0,
    0x0, 0x3f, 0x10, 0x0, 0x0, 0x3f, 0x10, 0x0,

    /* U+0067 "g" */
    0x0, 0x0, 0x0, 0x0, 0x0, 0xaf, 0xd7, 0xd6,
    0x8, 0xc3, 0x8f, 0x21, 0xc, 0x70, 0x1f, 0x20,
    0x9, 0xb0, 0x6f, 0x0, 0x5, 0xff, 0xf5, 0x0,
    0xf, 0x12, 0x0, 0x0, 0xe, 0x93, 0x31, 0x0,
    0x8, 0xff, 0xff, 0xb0, 0x4e, 0x10, 0x4, 0xf1,
    0x9, 0xef, 0xec, 0x60,

    /* U+0068 "h" */
    0x2f, 0x20, 0x0, 0x2, 0xf2, 0x0, 0x0, 0x2f,
    0x20, 0x0, 0x2, 0xf2, 0x0, 0x0, 0x2f, 0x3b,
    0xfd, 0x32, 0xfd, 0x72, 0xbc, 0x2f, 0x90, 0x4,
    0xf2, 0xf4, 0x0, 0x4f, 0x2f, 0x20, 0x4, 0xf2,
    0xf2, 0x0, 0x4f, 0x2f, 0x20, 0x4, 0xf2, 0xf2,
    0x0, 0x4f,

    /* U+0069 "i" */
    0xc8, 0x96, 0x0, 0x0, 0xc8, 0xc8, 0xc8, 0xc8,
    0xc8, 0xc8, 0xc8, 0xc8,

    /* U+006A "j" */
    0x0, 0x8, 0xc0, 0x0, 0x69, 0x0, 0x0, 0x0,
    0x0, 0x0, 0x0, 0x8, 0xc0, 0x0, 0x8c, 0x0,
    0x8, 0xc0, 0x0, 0x8c, 0x0, 0x8, 0xc0, 0x0,
    0x8c, 0x0, 0x8, 0xc0, 0x0, 0x8b, 0x55, 0x4d,
    0x86, 0xff, 0xa0,

    /* U+006B "k" */
    0x1f, 0x30, 0x0, 0x0, 0x1f, 0x30, 0x0, 0x0,
    0x1f, 0x30, 0x0, 0x0, 0x1f, 0x30, 0x0, 0x0,
    0x1f, 0x30, 0x2f, 0x60, 0x1f, 0x31, 0xe8, 0x0,
    0x1f, 0x3d, 0xa0, 0x0, 0x1f, 0xde, 0xd0, 0x0,
    0x1f, 0xc1, 0xe6, 0x0, 0x1f, 0x30, 0x6e, 0x0,
    0x1f, 0x30, 0xe, 0x70, 0x1f, 0x30, 0x6, 0xf1,

    /* U+006C "l" */
    0xb9, 0xb9, 0xb9, 0xb9, 0xb9, 0xb9, 0xb9, 0xb9,
    0xb9, 0xb9, 0xb9, 0xb9,

    /* U+006D "m" */
    0xc9, 0xde, 0x5d, 0xe3, 0xce, 0x4d, 0xf4, 0xc9,
    0xc9, 0xb, 0xa0, 0xaa, 0xc8, 0xb, 0x90, 0xaa,
    0xc8, 0xb, 0x90, 0xaa, 0xc8, 0xb, 0x90, 0xaa,
    0xc8, 0xb, 0x90, 0xaa, 0xc8, 0xb, 0x90, 0xaa,

    /* U+006E "n" */
    0x2f, 0x3b, 0xfd, 0x32, 0xfe, 0x50, 0xac, 0x2f,
    0x80, 0x4, 0xf2, 0xf3, 0x0, 0x4f, 0x2f, 0x20,
    0x4, 0xf2, 0xf2, 0x0, 0x4f, 0x2f, 0x20, 0x4,
    0xf2, 0xf2, 0x0, 0x4f,

    /* U+006F "o" */
    0x0, 0x9f, 0xe8, 0x0, 0xa, 0xe5, 0x5e, 0x80,
    0x2f, 0x40, 0x6, 0xf1, 0x5f, 0x0, 0x2, 0xf3,
    0x5f, 0x0, 0x2, 0xf3, 0x2f, 0x30, 0x5, 0xf1,
    0xa, 0xd5, 0x5e, 0x80, 0x0, 0x9f, 0xe8, 0x0,

    /* U+0070 "p" */
    0x4f, 0x7e, 0xe8, 0x0, 0x4f, 0xc2, 0x4e, 0x70,
    0x4f, 0x30, 0x8, 0xd0, 0x4f, 0x0, 0x5, 0xf0,
    0x4f, 0x10, 0x5, 0xf0, 0x4f, 0x40, 0x9, 0xd0,
    0x4f, 0xd4, 0x6f, 0x60, 0x4f, 0x5e, 0xf8, 0x0,
    0x4f, 0x0, 0x0, 0x0, 0x4f, 0x0, 0x0, 0x0,

    /* U+0071 "q" */
    0x1, 0xbf, 0xc8, 0xe0, 0xdc, 0x47, 0xfe, 0x3f,
    0x20, 0xa, 0xe6, 0xf0, 0x0, 0x6e, 0x5f, 0x0,
    0x6, 0xe3, 0xf3, 0x0, 0xae, 0xc, 0xc4, 0x7f,
    0xe0, 0x2c, 0xfc, 0x8e, 0x0, 0x0, 0x6, 0xe0,
    0x0, 0x0, 0x6e,

    /* U+0072 "r" */
    0x6e, 0x8, 0xe3, 0x6e, 0xbb, 0x61, 0x6f, 0xa0,
    0x0, 0x6f, 0x10, 0x0, 0x6e, 0x0, 0x0, 0x6e,
    0x0, 0x0, 0x6e, 0x0, 0x0, 0x6e, 0x0, 0x0,

    /* U+0073 "s" */
    0x1a, 0xee, 0xa0, 0xac, 0x34, 0xd8, 0xc9, 0x0,
    0x22, 0x6f, 0xc8, 0x40, 0x2, 0x7b, 0xf7, 0x82,
    0x0, 0x8d, 0xbb, 0x33, 0xcb, 0x1a, 0xef, 0xb1,

    /* U+0074 "t" */
    0x0, 0x36, 0x0, 0x0, 0x7, 0xd0, 0x0, 0x0,
    0x7d, 0x0, 0x9, 0xff, 0xff, 0xf6, 0x1, 0x7d,
    0x11, 0x0, 0x7, 0xd0, 0x0, 0x0, 0x7d, 0x0,
    0x0, 0x7, 0xd0, 0x0, 0x0, 0x6d, 0x0, 0x0,
    0x3, 0xf5, 0x46, 0x0, 0x6, 0xef, 0xb0,

    /* U+0075 "u" */
    0x2f, 0x20, 0x4, 0xf2, 0xf2, 0x0, 0x4f, 0x2f,
    0x20, 0x4, 0xf2, 0xf2, 0x0, 0x4f, 0x2f, 0x20,
    0x5, 0xf1, 0xf2, 0x0, 0xaf, 0xe, 0x80, 0x6e,
    0xf0, 0x4e, 0xfa, 0x5f,

    /* U+0076 "v" */
    0x4f, 0x0, 0x4, 0xf0, 0xe, 0x50, 0x9, 0xb0,
    0x9, 0xa0, 0xe, 0x50, 0x4, 0xf0, 0x3f, 0x0,
    0x0, 0xf4, 0x8b, 0x0, 0x0, 0xa9, 0xd6, 0x0,
    0x0, 0x4f, 0xf1, 0x0, 0x0, 0xf, 0xb0, 0x0,

    /* U+0077 "w" */
    0xd7, 0xe, 0xa0, 0xb9, 0xa9, 0xf, 0xc0, 0xd6,
    0x7c, 0x3b, 0xe0, 0xf3, 0x4e, 0x68, 0xc4, 0xf0,
    0x1f, 0x96, 0xa9, 0xc0, 0xd, 0xe3, 0x7e, 0x90,
    0xa, 0xf0, 0x4f, 0x60, 0x7, 0xe0, 0x2f, 0x30,

    /* U+0078 "x" */
    0xe, 0x80, 0xc, 0xb0, 0x5, 0xf1, 0x5f, 0x20,
    0x0, 0xb9, 0xd7, 0x0, 0x0, 0x2f, 0xd0, 0x0,
    0x0, 0x3f, 0xe1, 0x0, 0x0, 0xd8, 0xc9, 0x0,
    0x7, 0xe0, 0x3f, 0x30, 0x2f, 0x50, 0x9, 0xd0,

    /* U+0079 "y" */
    0x5f, 0x10, 0x4, 0xf1, 0xf, 0x60, 0x9, 0xb0,
    0x9, 0xb0, 0xe, 0x50, 0x4, 0xf1, 0x4f, 0x0,
    0x0, 0xe6, 0x9a, 0x0, 0x0, 0x8c, 0xe4, 0x0,
    0x0, 0x3f, 0xe0, 0x0, 0x0, 0xd, 0x90, 0x0,
    0x4, 0x5f, 0x30, 0x0, 0xa, 0xf8, 0x0, 0x0,

    /* U+007A "z" */
    0xe, 0xff, 0xff, 0xa0, 0x1, 0x14, 0xf4, 0x0,
    0x0, 0xd9, 0x0, 0x0, 0xad, 0x0, 0x0, 0x5f,
    0x20, 0x0, 0x2f, 0x60, 0x0, 0xc, 0xb1, 0x11,
    0x2, 0xff, 0xff, 0xff,

    /* U+007B "{" */
    0x2, 0xdb, 0x9, 0xb0, 0xa, 0xa0, 0xa, 0xa0,
    0xa, 0xa0, 0xa, 0x90, 0xb, 0x80, 0x6f, 0x30,
    0xc, 0x80, 0xa, 0x90, 0xa, 0xa0, 0xa, 0xa0,
    0xa, 0xa0, 0x9, 0xb0, 0x3, 0xdb,

    /* U+007C "|" */
    0xb9, 0xb9, 0xb9, 0xb9, 0xb9, 0xb9, 0xb9, 0xb9,
    0xb9, 0xb9, 0xb9, 0xb9, 0xb9, 0xb9, 0xb9, 0xb9,
    0xb9,

    /* U+007D "}" */
    0xd, 0xc1, 0x0, 0xe, 0x60, 0x0, 0xd7, 0x0,
    0xd, 0x70, 0x0, 0xd7, 0x0, 0xc, 0x70, 0x0,
    0xb9, 0x0, 0x6, 0xf3, 0x0, 0xb9, 0x0, 0xc,
    0x70, 0x0, 0xd7, 0x0, 0xd, 0x70, 0x0, 0xd7,
    0x0, 0xe, 0x60, 0xd, 0xc1, 0x0,

    /* U+007E "~" */
    0x0, 0x0, 0x0, 0x0, 0x3, 0xfb, 0x0, 0x71,
    0xc, 0x6b, 0xc4, 0xe0, 0x9, 0x0, 0xbf, 0x70,
    0x0, 0x0, 0x3, 0x0,

    /* U+3002 "。" */
    0x7, 0x60, 0xa5, 0x69, 0xc0, 0xc, 0x7a, 0xb6,
    0x2, 0x20,

    /* U+4E0A "上" */
    0x0, 0x0, 0x0, 0x3b, 0x10, 0x0, 0x0, 0x0,
    0x0, 0x0, 0x0, 0x4f, 0x10, 0x0, 0x0, 0x0,
    0x0, 0x0, 0x0, 0x4f, 0x10, 0x0, 0x0, 0x0,
    0x0, 0x0, 0x0, 0x4f, 0x10, 0x0, 0x0, 0x0,
    0x0, 0x0, 0x0, 0x4f, 0x11, 0x11, 0x11, 0x0,
    0x0, 0x0, 0x0, 0x4f, 0xff, 0xff, 0xff, 0x0,
    0x0, 0x0, 0x0, 0x4f, 0x33, 0x33, 0x33, 0x0,
    0x0, 0x0, 0x0, 0x4f, 0x10, 0x0, 0x0, 0x0,
    0x0, 0x0, 0x0, 0x4f, 0x10, 0x0, 0x0, 0x0,
    0x0, 0x0, 0x0, 0x4f, 0x10, 0x0, 0x0, 0x0,
    0x0, 0x0, 0x0, 0x4f, 0x10, 0x0, 0x0, 0x0,
    0x0, 0x0, 0x0, 0x4f, 0x10, 0x0, 0x0, 0x0,
    0x5, 0x44, 0x44, 0x7f, 0x54, 0x44, 0x44, 0x51,
    0x1f, 0xee, 0xee, 0xee, 0xee, 0xee, 0xee, 0xe2,

    /* U+4E0B "下" */
    0x0, 0x0, 0x0, 0x0, 0x0, 0x0, 0x0, 0xff,
    0xff, 0xff, 0xff, 0xff, 0xff, 0xfe, 0x44, 0x33,
    0x35, 0xf6, 0x33, 0x33, 0x44, 0x0, 0x0, 0x2,
    0xf3, 0x0, 0x0, 0x0, 0x0, 0x0, 0x2, 0xf3,
    0x0, 0x0, 0x0, 0x0, 0x0, 0x2, 0xf3, 0x13,
    0x0, 0x0, 0x0, 0x0, 0x2, 0xf3, 0x9f, 0x40,
    0x0, 0x0, 0x0, 0x2, 0xf3, 0xa, 0xf5, 0x0,
    0x0, 0x0, 0x2, 0xf3, 0x0, 0xaf, 0x50, 0x0,
    0x0, 0x2, 0xf3, 0x0, 0xb, 0xc0, 0x0, 0x0,
    0x2, 0xf3, 0x0, 0x0, 0x10, 0x0, 0x0, 0x2,
    0xf3, 0x0, 0x0, 0x0, 0x0, 0x0, 0x2, 0xf3,
    0x0, 0x0, 0x0, 0x0, 0x0, 0x2, 0xf3, 0x0,
    0x0, 0x0,

    /* U+4E0D "不" */
    0x0, 0x0, 0x0, 0x0, 0x0, 0x0, 0x0, 0x0,
    0xbf, 0xff, 0xff, 0xff, 0xff, 0xff, 0xff, 0x1,
    0x22, 0x22, 0x26, 0xf3, 0x22, 0x22, 0x20, 0x0,
    0x0, 0x0, 0xd8, 0x0, 0x0, 0x0, 0x0, 0x0,
    0x0, 0x9f, 0x40, 0x0, 0x0, 0x0, 0x0, 0x0,
    0x6e, 0xf4, 0x5d, 0x10, 0x0, 0x0, 0x0, 0x6f,
    0x3f, 0x40, 0xbe, 0x20, 0x0, 0x0, 0x8f, 0x40,
    0xf4, 0x0, 0xbe, 0x30, 0x2, 0xce, 0x30, 0xf,
    0x40, 0x0, 0xcf, 0x30, 0xcb, 0x10, 0x0, 0xf4,
    0x0, 0x0, 0xc4, 0x0, 0x0, 0x0, 0xf, 0x40,
    0x0, 0x0, 0x0, 0x0, 0x0, 0x0, 0xf4, 0x0,
    0x0, 0x0, 0x0, 0x0, 0x0, 0xf, 0x40, 0x0,
    0x0, 0x0, 0x0, 0x0, 0x0, 0xf4, 0x0, 0x0,
    0x0,

    /* U+4E22 "丢" */
    0x0, 0x0, 0x0, 0x0, 0x0, 0x0, 0x0, 0x0,
    0x13, 0x34, 0x55, 0x78, 0xad, 0xf9, 0x0, 0x4,
    0xdc, 0xcb, 0xce, 0x76, 0x43, 0x10, 0x0, 0x0,
    0x0, 0x5, 0xd0, 0x0, 0x0, 0x0, 0x7, 0xee,
    0xee, 0xff, 0xee, 0xee, 0xa0, 0x0, 0x12, 0x11,
    0x16, 0xd1, 0x11, 0x11, 0x0, 0x0, 0x0, 0x0,
    0x5d, 0x0, 0x0, 0x0, 0xc, 0xdd, 0xdd, 0xde,
    0xfd, 0xdd, 0xdd, 0xd4, 0x33, 0x33, 0x38, 0xa3,
    0x33, 0x33, 0x33, 0x10, 0x0, 0x0, 0xda, 0x0,
    0x20, 0x0, 0x0, 0x0, 0x0, 0x9c, 0x0, 0xe,
    0x80, 0x0, 0x0, 0x0, 0x5e, 0x10, 0x0, 0x5f,
    0x50, 0x0, 0x0, 0x6f, 0x62, 0x33, 0x44, 0xcf,
    0x40, 0x0, 0xa, 0xff, 0xed, 0xcb, 0xba, 0xce,
    0x10, 0x0, 0x11, 0x0, 0x0, 0x0, 0x0, 0x60,
    0x0,

    /* U+4E2A "个" */
    0x0, 0x0, 0x0, 0x8, 0x40, 0x0, 0x0, 0x0,
    0x0, 0x0, 0x0, 0x4f, 0x90, 0x0, 0x0, 0x0,
    0x0, 0x0, 0x0, 0xdb, 0xf4, 0x0, 0x0, 0x0,
    0x0, 0x0, 0xb, 0xd0, 0x7f, 0x40, 0x0, 0x0,
    0x0, 0x0, 0xae, 0x20, 0x9, 0xf5, 0x0, 0x0,
    0x0, 0x2c, 0xe3, 0xf, 0x60, 0x8f, 0xb2, 0x0,
    0x18, 0xfd, 0x20, 0xe, 0x60, 0x5, 0xef, 0xc0,
    0x1d, 0x80, 0x0, 0xd, 0x60, 0x0, 0x18, 0x70,
    0x0, 0x0, 0x0, 0xd, 0x60, 0x0, 0x0, 0x0,
    0x0, 0x0, 0x0, 0xd, 0x60, 0x0, 0x0, 0x0,
    0x0, 0x0, 0x0, 0xd, 0x60, 0x0, 0x0, 0x0,
    0x0, 0x0, 0x0, 0xd, 0x60, 0x0, 0x0, 0x0,
    0x0, 0x0, 0x0, 0xd, 0x60, 0x0, 0x0, 0x0,
    0x0, 0x0, 0x0, 0xe, 0x60, 0x0, 0x0, 0x0,
    0x0, 0x0, 0x0, 0xe, 0x70, 0x0, 0x0, 0x0,

    /* U+4E2D "中" */
    0x0, 0x0, 0x0, 0xf7, 0x0, 0x0, 0x0, 0x0,
    0x0, 0xf, 0x60, 0x0, 0x0, 0x0, 0x0, 0x0,
    0xe6, 0x0, 0x0, 0x1, 0xee, 0xee, 0xef, 0xfe,
    0xee, 0xe9, 0x1f, 0x51, 0x11, 0xe7, 0x11, 0x1b,
    0xa1, 0xf4, 0x0, 0xe, 0x60, 0x0, 0xba, 0x1f,
    0x40, 0x0, 0xe6, 0x0, 0xb, 0xa1, 0xf4, 0x0,
    0xe, 0x60, 0x0, 0xba, 0x1f, 0xff, 0xff, 0xff,
    0xff, 0xff, 0xa1, 0xb2, 0x0, 0xe, 0x60, 0x0,
    0x77, 0x0, 0x0, 0x0, 0xe6, 0x0, 0x0, 0x0,
    0x0, 0x0, 0xe, 0x60, 0x0, 0x0, 0x0, 0x0,
    0x0, 0xe6, 0x0, 0x0, 0x0, 0x0, 0x0, 0xe,
    0x60, 0x0, 0x0, 0x0, 0x0, 0x0, 0xf7, 0x0,
    0x0, 0x0,

    /* U+4E32 "串" */
    0x0, 0x0, 0xf, 0x50, 0x0, 0x0, 0x0, 0x0,
    0xf, 0x50, 0x0, 0x0, 0x5f, 0xff, 0xff, 0xff,
    0xff, 0xf3, 0x4f, 0x0, 0xe, 0x50, 0x0, 0xf3,
    0x5f, 0x0, 0xe, 0x50, 0x0, 0xf3, 0x5f, 0xff,
    0xff, 0xff, 0xff, 0xf3, 0x0, 0x0, 0xe, 0x50,
    0x0, 0x0, 0xcc, 0xcc, 0xcf, 0xdc, 0xcc, 0xc9,
    0xe6, 0x22, 0x2e, 0x62, 0x22, 0x9b, 0xe5, 0x0,
    0xe, 0x50, 0x0, 0x8b, 0xe7, 0x33, 0x3f, 0x73,
    0x33, 0xab, 0xdc, 0xcc, 0xcf, 0xdc, 0xcc, 0xda,
    0x0, 0x0, 0xe, 0x50, 0x0, 0x0, 0x0, 0x0,
    0xf, 0x50, 0x0, 0x0,

    /* U+4EF6 "件" */
    0x0, 0x0, 0x10, 0x0, 0x0, 0x0, 0x0, 0x0,
    0x0, 0x2, 0xf2, 0x0, 0x4, 0xf0, 0x0, 0x0,
    0x0, 0x8, 0xc0, 0x46, 0x4, 0xf0, 0x0, 0x0,
    0x0, 0x1f, 0x50, 0x9c, 0x4, 0xf0, 0x0, 0x0,
    0x0, 0x8f, 0x10, 0xd9, 0x36, 0xf3, 0x33, 0x10,
    0x2, 0xff, 0x13, 0xfd, 0xde, 0xfd, 0xde, 0x40,
    0xd, 0xbf, 0x1b, 0xa0, 0x4, 0xf0, 0x0, 0x0,
    0x3c, 0x2f, 0x2c, 0x20, 0x4, 0xf0, 0x0, 0x0,
    0x0, 0x2f, 0x10, 0x0, 0x4, 0xf0, 0x0, 0x0,
    0x0, 0x2f, 0x4f, 0xff, 0xff, 0xff, 0xff, 0xf4,
    0x0, 0x2f, 0x11, 0x11, 0x14, 0xf1, 0x11, 0x10,
    0x0, 0x2f, 0x10, 0x0, 0x4, 0xf0, 0x0, 0x0,
    0x0, 0x2f, 0x10, 0x0, 0x4, 0xf0, 0x0, 0x0,
    0x0, 0x2f, 0x10, 0x0, 0x4, 0xf0, 0x0, 0x0,
    0x0, 0x2f, 0x10, 0x0, 0x4, 0xf0, 0x0, 0x0,
    0x0, 0x1, 0x0, 0x0, 0x0, 0x0, 0x0, 0x0,

    /* U+4F4D "位" */
    0x0, 0x6, 0x91, 0x0, 0x3c, 0x0, 0x0, 0x0,
    0x0, 0xb, 0xd0, 0x0, 0x1e, 0x80, 0x0, 0x0,
    0x0, 0x1f, 0x60, 0x11, 0x17, 0x71, 0x11, 0x10,
    0x0, 0x7f, 0x25, 0xff, 0xff, 0xff, 0xff, 0xc0,
    0x0, 0xef, 0x10, 0x0, 0x0, 0x0, 0x0, 0x0,
    0x8, 0xff, 0x10, 0x36, 0x0, 0x5, 0xc2, 0x0,
    0x3f, 0x7f, 0x10, 0x6f, 0x0, 0x9, 0xe0, 0x0,
    0x19, 0x2f, 0x10, 0x1f, 0x40, 0xc, 0xa0, 0x0,
    0x0, 0x2f, 0x10, 0xb, 0x90, 0xf, 0x50, 0x0,
    0x0, 0x2f, 0x10, 0x6, 0xe0, 0x3f, 0x10, 0x0,
    0x0, 0x2f, 0x10, 0x2, 0xf2, 0x6d, 0x0, 0x0,
    0x0, 0x2f, 0x10, 0x0, 0x40, 0xb9, 0x0, 0x0,
    0x0, 0x2f, 0x1e, 0xff, 0xff, 0xff, 0xff, 0xf3,
    0x0, 0x2f, 0x13, 0x22, 0x22, 0x22, 0x22, 0x30,
    0x0, 0x3f, 0x10, 0x0, 0x0, 0x0, 0x0, 0x0,

    /* U+4F59 "余" */
    0x0, 0x0, 0x0, 0x3, 0x0, 0x0, 0x0, 0x0,
    0x0, 0x0, 0x0, 0x7f, 0x70, 0x0, 0x0, 0x0,
    0x0, 0x0, 0x2, 0xfb, 0xe2, 0x0, 0x0, 0x0,
    0x0, 0x0, 0x1d, 0xc0, 0x7e, 0x50, 0x0, 0x0,
    0x0, 0x1, 0xcd, 0x10, 0x6, 0xfb, 0x40, 0x0,
    0x0, 0x4e, 0xd1, 0x0, 0x0, 0x3c, 0xfe, 0x90,
    0x1a, 0xfb, 0xad, 0xdd, 0xdd, 0xe1, 0x5c, 0x60,
    0x9, 0x60, 0x23, 0x3e, 0x83, 0x40, 0x0, 0x0,
    0x0, 0x0, 0x0, 0xd, 0x60, 0x0, 0x0, 0x0,
    0x0, 0x65, 0x55, 0x5e, 0x95, 0x55, 0x61, 0x0,
    0x0, 0xcc, 0xcc, 0xcf, 0xdc, 0xcc, 0xc2, 0x0,
    0x0, 0x0, 0x30, 0xd, 0x60, 0x61, 0x0, 0x0,
    0x0, 0x7, 0xf4, 0xd, 0x60, 0xad, 0x10, 0x0,
    0x0, 0xaf, 0x60, 0xd, 0x60, 0xb, 0xe2, 0x0,
    0x9, 0xe3, 0x2, 0xaf, 0x50, 0x0, 0xd6, 0x0,
    0x0, 0x10, 0x0, 0xb9, 0x10, 0x0, 0x0, 0x0,

    /* U+4FDD "保" */
    0x0, 0x2, 0x60, 0x0, 0x0, 0x0, 0x0, 0x0,
    0x0, 0x7, 0xc0, 0x4f, 0xff, 0xff, 0xf5, 0x0,
    0x0, 0xd, 0x50, 0x3e, 0x0, 0x0, 0xd4, 0x0,
    0x0, 0x5f, 0x0, 0x3e, 0x0, 0x0, 0xd4, 0x0,
    0x0, 0xdf, 0x0, 0x4f, 0xdd, 0xdd, 0xf4, 0x0,
    0x8, 0xdf, 0x0, 0x2, 0x2d, 0x72, 0x20, 0x0,
    0x4f, 0x4f, 0x0, 0x0, 0xd, 0x50, 0x0, 0x0,
    0x4, 0x2f, 0x3d, 0xdd, 0xdf, 0xed, 0xdd, 0xb0,
    0x0, 0x2f, 0x4, 0x34, 0xee, 0xf9, 0x33, 0x30,
    0x0, 0x2f, 0x0, 0xa, 0x7d, 0x8e, 0x20, 0x0,
    0x0, 0x2f, 0x0, 0x7c, 0xd, 0x57, 0xe2, 0x0,
    0x0, 0x2f, 0x8, 0xe1, 0xd, 0x50, 0x9f, 0x90,
    0x0, 0x2f, 0x3c, 0x20, 0xd, 0x50, 0x6, 0x80,
    0x0, 0x2f, 0x0, 0x0, 0xd, 0x60, 0x0, 0x0,

    /* U+505C "停" */
    0x0, 0x2, 0x0, 0x0, 0x2, 0x20, 0x0, 0x0,
    0x0, 0xb, 0xa0, 0x0, 0xb, 0xb0, 0x0, 0x0,
    0x0, 0xf, 0x39, 0xee, 0xee, 0xfe, 0xee, 0xe1,
    0x0, 0x6f, 0x1, 0x11, 0x11, 0x11, 0x11, 0x10,
    0x0, 0xde, 0x0, 0x9f, 0xff, 0xff, 0xf7, 0x0,
    0x5, 0xfe, 0x0, 0x98, 0x0, 0x0, 0x97, 0x0,
    0xe, 0x9e, 0x0, 0x9e, 0xcc, 0xcc, 0xe7, 0x0,
    0x2d, 0x3e, 0x0, 0x23, 0x33, 0x33, 0x31, 0x0,
    0x0, 0x2e, 0x2f, 0xff, 0xff, 0xff, 0xff, 0xf4,
    0x0, 0x2e, 0x2e, 0x0, 0x0, 0x0, 0x0, 0xc4,
    0x0, 0x2e, 0x1, 0x7e, 0xee, 0xee, 0xe9, 0x10,
    0x0, 0x2e, 0x0, 0x0, 0x5, 0xc0, 0x0, 0x0,
    0x0, 0x2e, 0x0, 0x0, 0x5, 0xc0, 0x0, 0x0,
    0x0, 0x2f, 0x0, 0x0, 0x27, 0xc0, 0x0, 0x0,
    0x0, 0x3f, 0x0, 0x0, 0xcf, 0x80, 0x0, 0x0,
    0x0, 0x0, 0x0, 0x0, 0x21, 0x0, 0x0, 0x0,

    /* U+5076 "偶" */
    0x0, 0x3, 0x70, 0x0, 0x0, 0x0, 0x0, 0x0,
    0x0, 0xa, 0xa0, 0xef, 0xff, 0xff, 0xff, 0x10,
    0x0, 0xf, 0x30, 0xd6, 0x2, 0xe0, 0x2f, 0x0,
    0x0, 0x7e, 0x0, 0xdf, 0xff, 0xff, 0xff, 0x0,
    0x0, 0xee, 0x0, 0xd7, 0x13, 0xe1, 0x3f, 0x0,
    0x8, 0xfe, 0x0, 0xd9, 0x46, 0xe4, 0x6f, 0x0,
    0x2f, 0x6e, 0x0, 0xbc, 0xcd, 0xfc, 0xcc, 0x10,
    0x2, 0x3e, 0x1, 0x11, 0x14, 0xe1, 0x11, 0x10,
    0x0, 0x3e, 0xe, 0xff, 0xff, 0xff, 0xff, 0xf1,
    0x0, 0x3e, 0xd, 0x40, 0x2, 0xe1, 0x41, 0xf0,
    0x0, 0x3e, 0xd, 0x42, 0x36, 0xe9, 0xf2, 0xf0,
    0x0, 0x3e, 0xd, 0x4c, 0xeb, 0x96, 0xb6, 0xf0,
    0x0, 0x3e, 0xe, 0x40, 0x0, 0x0, 0x14, 0xf0,
    0x0, 0x3e, 0xe, 0x40, 0x0, 0x0, 0x3f, 0xf0,
    0x0, 0x3f, 0x0, 0x0, 0x0, 0x0, 0xd, 0x70,

    /* U+50A8 "储" */
    0x0, 0x9, 0x70, 0x0, 0x0, 0xb6, 0x0, 0x0,
    0x0, 0xe, 0x81, 0xb0, 0x1, 0xb6, 0x14, 0x20,
    0x0, 0x4f, 0x10, 0xe2, 0x7e, 0xfe, 0xad, 0x80,
    0x0, 0xbd, 0x0, 0xa5, 0x0, 0xb6, 0x5e, 0x0,
    0x3, 0xfc, 0x0, 0x0, 0x0, 0xb6, 0xd6, 0x0,
    0xb, 0xec, 0x6e, 0xd4, 0xee, 0xff, 0xfe, 0xe5,
    0x1d, 0x5c, 0x14, 0xe0, 0x11, 0x7e, 0x31, 0x10,
    0x0, 0x4c, 0x2, 0xe0, 0xf, 0xfe, 0xcc, 0x20,
    0x0, 0x4c, 0x2, 0xe0, 0x9f, 0x52, 0x2e, 0x30,
    0x0, 0x4c, 0x2, 0xe7, 0xef, 0x30, 0xe, 0x30,
    0x0, 0x4c, 0x2, 0xe2, 0x2e, 0xff, 0xff, 0x30,
    0x0, 0x4c, 0x3, 0xfc, 0xe, 0x30, 0xe, 0x30,
    0x0, 0x5c, 0x4, 0xb0, 0xe, 0xdd, 0xdf, 0x30,
    0x0, 0x6d, 0x0, 0x0, 0xf, 0x41, 0x1e, 0x40,

    /* U+5165 "入" */
    0x0, 0x0, 0x8, 0x10, 0x0, 0x0, 0x0, 0x0,
    0x0, 0x0, 0x3e, 0xd1, 0x0, 0x0, 0x0, 0x0,
    0x0, 0x0, 0x1, 0xdd, 0x10, 0x0, 0x0, 0x0,
    0x0, 0x0, 0x0, 0x1e, 0xa0, 0x0, 0x0, 0x0,
    0x0, 0x0, 0x0, 0xb, 0xf2, 0x0, 0x0, 0x0,
    0x0, 0x0, 0x0, 0x2f, 0xda, 0x0, 0x0, 0x0,
    0x0, 0x0, 0x0, 0xab, 0x5f, 0x10, 0x0, 0x0,
    0x0, 0x0, 0x3, 0xf4, 0xe, 0x80, 0x0, 0x0,
    0x0, 0x0, 0xc, 0xb0, 0x7, 0xf1, 0x0, 0x0,
    0x0, 0x0, 0x8f, 0x20, 0x0, 0xeb, 0x0, 0x0,
    0x0, 0x5, 0xf6, 0x0, 0x0, 0x6f, 0xa0, 0x0,
    0x0, 0x6f, 0x80, 0x0, 0x0, 0x9, 0xfc, 0x20,
    0x1a, 0xf9, 0x0, 0x0, 0x0, 0x0, 0x9f, 0xe1,
    0xc, 0x70, 0x0, 0x0, 0x0, 0x0, 0x7, 0x50,
    0x0, 0x0, 0x0, 0x0, 0x0, 0x0, 0x0, 0x0,

    /* U+516D "六" */
    0x0, 0x0, 0x1, 0x20, 0x0, 0x0, 0x0, 0x0,
    0x0, 0xa, 0xe1, 0x0, 0x0, 0x0, 0x0, 0x0,
    0x1, 0xeb, 0x0, 0x0, 0x0, 0x0, 0x0, 0x0,
    0x6e, 0x20, 0x0, 0x0, 0x66, 0x55, 0x55, 0x56,
    0x55, 0x55, 0x66, 0xce, 0xee, 0xee, 0xee, 0xee,
    0xee, 0xed, 0x0, 0x0, 0x0, 0x0, 0x0, 0x0,
    0x0, 0x0, 0x0, 0x50, 0x0, 0x6, 0x0, 0x0,
    0x0, 0x1, 0xfc, 0x0, 0x6f, 0x60, 0x0, 0x0,
    0xa, 0xf3, 0x0, 0xb, 0xf2, 0x0, 0x0, 0x5f,
    0x70, 0x0, 0x1, 0xed, 0x0, 0x2, 0xfc, 0x0,
    0x0, 0x0, 0x4f, 0x80, 0x2e, 0xe1, 0x0, 0x0,
    0x0, 0xa, 0xf3, 0x8f, 0x40, 0x0, 0x0, 0x0,
    0x1, 0xc3, 0x2, 0x0, 0x0, 0x0, 0x0, 0x0,
    0x0,

    /* U+5171 "共" */
    0x0, 0x0, 0x0, 0x0, 0x0, 0x10, 0x0, 0x0,
    0x0, 0x0, 0xf, 0x70, 0x3, 0xf3, 0x0, 0x0,
    0x0, 0x0, 0xf, 0x60, 0x3, 0xf2, 0x0, 0x0,
    0x0, 0x10, 0xf, 0x60, 0x3, 0xf2, 0x1, 0x0,
    0x4, 0xff, 0xff, 0xff, 0xff, 0xff, 0xff, 0x50,
    0x0, 0x0, 0xf, 0x60, 0x3, 0xf2, 0x0, 0x0,
    0x0, 0x0, 0xf, 0x60, 0x3, 0xf2, 0x0, 0x0,
    0x0, 0x0, 0xf, 0x60, 0x3, 0xf2, 0x0, 0x0,
    0x2d, 0xdd, 0xdf, 0xed, 0xdd, 0xfd, 0xdd, 0xd1,
    0x2, 0x22, 0x22, 0x22, 0x22, 0x22, 0x22, 0x20,
    0x0, 0x0, 0xb, 0x80, 0x5, 0xc3, 0x0, 0x0,
    0x0, 0x3, 0xde, 0x50, 0x3, 0xcf, 0x90, 0x0,
    0x2, 0xaf, 0xb1, 0x0, 0x0, 0x6, 0xfe, 0x30,
    0x6, 0xd5, 0x0, 0x0, 0x0, 0x0, 0x2c, 0x50,
    0x0, 0x0, 0x0, 0x0, 0x0, 0x0, 0x0, 0x0,

    /* U+5173 "关" */
    0x0, 0x0, 0x0, 0x0, 0x0, 0x0, 0x0, 0x0,
    0x8, 0x70, 0x0, 0x3d, 0x20, 0x0, 0x0, 0x5,
    0xf3, 0x0, 0x9d, 0x0, 0x0, 0x0, 0x0, 0xb6,
    0x0, 0xf5, 0x0, 0x0, 0xc, 0xcc, 0xcc, 0xcd,
    0xfc, 0xcc, 0x80, 0x5, 0x44, 0x44, 0xe7, 0x44,
    0x44, 0x30, 0x0, 0x0, 0x0, 0xe4, 0x0, 0x0,
    0x0, 0x0, 0x0, 0x0, 0xe4, 0x0, 0x0, 0x0,
    0x11, 0x11, 0x11, 0xe6, 0x22, 0x22, 0x31, 0xae,
    0xee, 0xee, 0xff, 0xee, 0xee, 0xe7, 0x0, 0x0,
    0x5, 0xfe, 0x10, 0x0, 0x0, 0x0, 0x0, 0x1d,
    0x8b, 0xc1, 0x0, 0x0, 0x0, 0x1, 0xcc, 0x1,
    0xdd, 0x30, 0x0, 0x0, 0x6e, 0xb1, 0x0, 0x1c,
    0xfb, 0x51, 0x7e, 0xe6, 0x0, 0x0, 0x0, 0x7e,
    0xf7, 0x27, 0x0, 0x0, 0x0, 0x0, 0x0, 0x50,

    /* U+5199 "写" */
    0x6f, 0xff, 0xff, 0xff, 0xff, 0xff, 0xfe, 0x5d,
    0x12, 0x21, 0x11, 0x11, 0x11, 0x6d, 0x6d, 0xa,
    0xb0, 0x0, 0x0, 0x0, 0x4b, 0x1, 0xb, 0x91,
    0x11, 0x11, 0x12, 0x0, 0x0, 0xc, 0xfe, 0xee,
    0xee, 0xed, 0x0, 0x0, 0xd, 0x60, 0x0, 0x0,
    0x0, 0x0, 0x0, 0xf, 0x51, 0x11, 0x11, 0x11,
    0x10, 0x0, 0xe, 0xee, 0xee, 0xee, 0xef, 0xf0,
    0x0, 0x0, 0x0, 0x0, 0x0, 0x6, 0xe0, 0x4,
    0x33, 0x33, 0x33, 0x33, 0x6, 0xd0, 0x3e, 0xdd,
    0xdd, 0xdd, 0xda, 0x8, 0xc0, 0x0, 0x0, 0x0,
    0x0, 0x0, 0xb, 0x90, 0x0, 0x0, 0x0, 0x0,
    0x3a, 0xdf, 0x40, 0x0, 0x0, 0x0, 0x0, 0x9,
    0x72, 0x0,

    /* U+5206 "分" */
    0x0, 0x0, 0x0, 0x0, 0x0, 0x0, 0x0, 0x0,
    0x0, 0x7, 0x30, 0x1d, 0x20, 0x0, 0x0, 0x0,
    0x2, 0xf6, 0x0, 0xca, 0x0, 0x0, 0x0, 0x0,
    0x9d, 0x0, 0x3, 0xf5, 0x0, 0x0, 0x0, 0x3f,
    0x50, 0x0, 0x9, 0xf2, 0x0, 0x0, 0xd, 0xa0,
    0x0, 0x0, 0xc, 0xf4, 0x0, 0xb, 0xe1, 0x0,
    0x0, 0x0, 0xb, 0xf9, 0x1a, 0xf7, 0xff, 0xff,
    0xff, 0xff, 0x78, 0xd1, 0x23, 0x14, 0x4f, 0x73,
    0x33, 0xe6, 0x0, 0x0, 0x0, 0x2, 0xf2, 0x0,
    0xf, 0x40, 0x0, 0x0, 0x0, 0x6e, 0x0, 0x1,
    0xf2, 0x0, 0x0, 0x0, 0xd, 0x90, 0x0, 0x3f,
    0x0, 0x0, 0x0, 0xb, 0xe1, 0x0, 0x5, 0xf0,
    0x0, 0x0, 0x4c, 0xe2, 0x0, 0x37, 0xdb, 0x0,
    0x0, 0x3f, 0xb1, 0x0, 0x3, 0xeb, 0x20, 0x0,
    0x0, 0x10, 0x0, 0x0, 0x0, 0x0, 0x0, 0x0,

    /* U+5236 "制" */
    0x0, 0x0, 0xf7, 0x0, 0x0, 0x0, 0xd, 0x50,
    0x8b, 0xe, 0x60, 0x0, 0x0, 0x0, 0xe5, 0xd,
    0xc6, 0xfa, 0x66, 0x60, 0xc4, 0xe, 0x54, 0xf9,
    0x9f, 0xc9, 0x99, 0xe, 0x40, 0xe5, 0x48, 0x0,
    0xe6, 0x0, 0x0, 0xe4, 0xe, 0x56, 0x99, 0x9f,
    0xb9, 0x99, 0x2e, 0x40, 0xe5, 0x46, 0x66, 0xfa,
    0x66, 0x61, 0xe4, 0xe, 0x50, 0x0, 0xe, 0x60,
    0x0, 0xe, 0x40, 0xe5, 0xd, 0xee, 0xfe, 0xee,
    0xe0, 0xe4, 0xe, 0x50, 0xe6, 0x1e, 0x71, 0x5f,
    0xf, 0x40, 0xe5, 0xe, 0x50, 0xe6, 0x4, 0xf0,
    0xf4, 0xe, 0x50, 0xe5, 0xe, 0x63, 0xaf, 0x0,
    0x0, 0xe5, 0xf, 0x50, 0xe6, 0x5e, 0x80, 0x0,
    0x1f, 0x40, 0x0, 0xf, 0x60, 0x0, 0x0, 0x8e,
    0xa1, 0x0, 0x0, 0x0, 0x0, 0x0, 0x0, 0x0,
    0x0,

    /* U+5237 "刷" */
    0x0, 0x0, 0x0, 0x0, 0x0, 0x0, 0xd, 0x40,
    0xe, 0xff, 0xff, 0xff, 0x30, 0x40, 0xd3, 0x0,
    0xd4, 0x0, 0x0, 0xe3, 0x2f, 0xd, 0x30, 0xd,
    0x75, 0x55, 0x5f, 0x32, 0xe0, 0xd3, 0x0, 0xeb,
    0xaa, 0xaa, 0xa2, 0x2e, 0xd, 0x30, 0xf, 0x20,
    0x1a, 0x0, 0x2, 0xe0, 0xd3, 0x0, 0xf1, 0x1,
    0xf0, 0x0, 0x2e, 0xd, 0x30, 0x2f, 0x8f, 0xff,
    0xff, 0x82, 0xe0, 0xd3, 0x5, 0xd8, 0x91, 0xf0,
    0xa7, 0x2e, 0xd, 0x30, 0x7a, 0x89, 0x1f, 0xa,
    0x72, 0xe0, 0xd3, 0xc, 0x78, 0x91, 0xf0, 0xa7,
    0x2f, 0xd, 0x33, 0xf2, 0x89, 0x1f, 0x1c, 0x70,
    0x30, 0xd3, 0x5c, 0x9, 0x91, 0xf6, 0xd3, 0x0,
    0xd, 0x30, 0x0, 0x22, 0x2f, 0x0, 0x0, 0x2c,
    0xf3, 0x0, 0x0, 0x2, 0xf1, 0x0, 0x0, 0xb8,
    0x0,

    /* U+524D "前" */
    0x0, 0x0, 0x4, 0x0, 0x0, 0x4, 0x0, 0x0,
    0x0, 0x0, 0x2f, 0x60, 0x0, 0x4f, 0x30, 0x0,
    0x0, 0x0, 0x7, 0xa0, 0x0, 0xb9, 0x0, 0x0,
    0x2d, 0xcc, 0xcc, 0xcc, 0xcc, 0xfd, 0xcc, 0xc8,
    0x4, 0x33, 0x33, 0x33, 0x33, 0x33, 0x33, 0x43,
    0x0, 0x57, 0x77, 0x77, 0x10, 0x0, 0x2b, 0x0,
    0x0, 0xbc, 0x77, 0x8f, 0x24, 0xd0, 0x2f, 0x0,
    0x0, 0xa8, 0x0, 0x1f, 0x14, 0xe0, 0x2f, 0x0,
    0x0, 0xae, 0xdd, 0xdf, 0x14, 0xe0, 0x2f, 0x0,
    0x0, 0xa9, 0x11, 0x2f, 0x14, 0xe0, 0x2f, 0x0,
    0x0, 0xab, 0x55, 0x6f, 0x14, 0xe0, 0x2f, 0x0,
    0x0, 0xac, 0x99, 0xaf, 0x15, 0xe0, 0x2f, 0x0,
    0x0, 0xa8, 0x0, 0x1f, 0x11, 0x50, 0x2f, 0x0,
    0x0, 0xa8, 0x0, 0x1f, 0x10, 0x0, 0x2f, 0x0,
    0x0, 0xa8, 0x5, 0xbf, 0x10, 0x7, 0xcf, 0x0,
    0x0, 0xb8, 0x3, 0xc8, 0x0, 0x5, 0xc6, 0x0,

    /* U+5269 "剩" */
    0x0, 0x1, 0x24, 0x69, 0x90, 0x0, 0x5, 0xd0,
    0x1d, 0xdc, 0xfa, 0x76, 0x10, 0x0, 0x4c, 0x0,
    0x0, 0xe, 0x30, 0x0, 0xe, 0x44, 0xc0, 0xcf,
    0xee, 0xfe, 0xef, 0xe0, 0xe4, 0x4c, 0x1, 0x13,
    0x1e, 0x34, 0x21, 0xe, 0x44, 0xc0, 0x1, 0xf1,
    0xe3, 0xd5, 0x70, 0xe4, 0x4c, 0xc, 0xef, 0x1e,
    0x3d, 0xf9, 0x1e, 0x44, 0xc0, 0x3, 0xf1, 0xe3,
    0xd4, 0x31, 0xe4, 0x4c, 0x3c, 0xff, 0x1e, 0x4c,
    0xcf, 0x4e, 0x44, 0xc1, 0x51, 0x69, 0xff, 0x64,
    0x30, 0xe4, 0x4c, 0x0, 0x8, 0xde, 0x7f, 0x60,
    0x0, 0x4, 0xc0, 0xa, 0xd1, 0xe3, 0x3f, 0x80,
    0x0, 0x4c, 0xb, 0xc1, 0xe, 0x30, 0x42, 0x0,
    0x5a, 0xc0, 0x10, 0x0, 0xe3, 0x0, 0x0, 0xc,
    0xc4, 0x0, 0x0, 0x0, 0x0, 0x0, 0x0, 0x0,
    0x0,

    /* U+529F "功" */
    0x0, 0x0, 0x0, 0x0, 0x5, 0xb0, 0x0, 0x0,
    0x0, 0x0, 0x0, 0x0, 0x5, 0xe0, 0x0, 0x0,
    0x8, 0xcc, 0xcc, 0xc0, 0x5, 0xd0, 0x0, 0x0,
    0x3, 0x48, 0xe4, 0x53, 0x37, 0xe3, 0x33, 0x30,
    0x0, 0x5, 0xe0, 0xb, 0xde, 0xfd, 0xde, 0xf1,
    0x0, 0x5, 0xe0, 0x0, 0x6, 0xc0, 0x3, 0xf0,
    0x0, 0x5, 0xe0, 0x0, 0x7, 0xb0, 0x4, 0xf0,
    0x0, 0x5, 0xe0, 0x0, 0x8, 0x90, 0x5, 0xe0,
    0x0, 0x5, 0xe0, 0x0, 0xb, 0x70, 0x6, 0xd0,
    0x0, 0x5, 0xe1, 0x53, 0x1f, 0x30, 0x7, 0xc0,
    0x4, 0x7c, 0xff, 0xc4, 0x8d, 0x0, 0x9, 0xb0,
    0xc, 0xd9, 0x40, 0x2, 0xf4, 0x0, 0xa, 0xa0,
    0x0, 0x0, 0x0, 0x2d, 0xa0, 0x3, 0x4e, 0x70,
    0x0, 0x0, 0x3, 0xfb, 0x0, 0xd, 0xfb, 0x10,
    0x0, 0x0, 0x0, 0x60, 0x0, 0x1, 0x0, 0x0,

    /* U+5341 "十" */
    0x0, 0x0, 0x0, 0xe, 0x80, 0x0, 0x0, 0x0,
    0x0, 0x0, 0x0, 0xd, 0x80, 0x0, 0x0, 0x0,
    0x0, 0x0, 0x0, 0xd, 0x80, 0x0, 0x0, 0x0,
    0x0, 0x0, 0x0, 0xd, 0x80, 0x0, 0x0, 0x0,
    0x0, 0x0, 0x0, 0xd, 0x80, 0x0, 0x0, 0x0,
    0x13, 0x33, 0x33, 0x3e, 0x93, 0x33, 0x33, 0x30,
    0x5f, 0xff, 0xff, 0xff, 0xff, 0xff, 0xff, 0xf1,
    0x0, 0x0, 0x0, 0xd, 0x80, 0x0, 0x0, 0x0,
    0x0, 0x0, 0x0, 0xd, 0x80, 0x0, 0x0, 0x0,
    0x0, 0x0, 0x0, 0xd, 0x80, 0x0, 0x0, 0x0,
    0x0, 0x0, 0x0, 0xd, 0x80, 0x0, 0x0, 0x0,
    0x0, 0x0, 0x0, 0xd, 0x80, 0x0, 0x0, 0x0,
    0x0, 0x0, 0x0, 0xe, 0x80, 0x0, 0x0, 0x0,
    0x0, 0x0, 0x0, 0xe, 0x90, 0x0, 0x0, 0x0,

    /* U+5361 "卡" */
    0x0, 0x0, 0x0, 0xf, 0x70, 0x0, 0x0, 0x0,
    0x0, 0x0, 0x0, 0xf, 0x60, 0x0, 0x0, 0x0,
    0x0, 0x0, 0x0, 0xf, 0xfe, 0xee, 0xec, 0x0,
    0x0, 0x0, 0x0, 0xf, 0x83, 0x33, 0x33, 0x0,
    0x0, 0x0, 0x0, 0xf, 0x60, 0x0, 0x0, 0x0,
    0x3, 0x22, 0x22, 0x2f, 0x82, 0x22, 0x22, 0x31,
    0x2f, 0xff, 0xff, 0xff, 0xff, 0xff, 0xff, 0xf7,
    0x0, 0x0, 0x0, 0xf, 0x60, 0x0, 0x0, 0x0,
    0x0, 0x0, 0x0, 0xf, 0x68, 0x20, 0x0, 0x0,
    0x0, 0x0, 0x0, 0xf, 0x7c, 0xf7, 0x0, 0x0,
    0x0, 0x0, 0x0, 0xf, 0x60, 0x7f, 0xc1, 0x0,
    0x0, 0x0, 0x0, 0xf, 0x60, 0x4, 0xe6, 0x0,
    0x0, 0x0, 0x0, 0xf, 0x60, 0x0, 0x10, 0x0,
    0x0, 0x0, 0x0, 0xf, 0x70, 0x0, 0x0, 0x0,
    0x0, 0x0, 0x0, 0x1f, 0x80, 0x0, 0x0, 0x0,

    /* U+53D1 "发" */
    0x0, 0x0, 0x0, 0x8, 0x40, 0x43, 0x0, 0x0,
    0x0, 0xc8, 0x0, 0xf6, 0x8, 0xe2, 0x0, 0x0,
    0xf, 0x30, 0x3f, 0x10, 0xb, 0xd0, 0x0, 0x5,
    0xd0, 0x6, 0xd0, 0x0, 0x13, 0x0, 0x0, 0xef,
    0xff, 0xff, 0xff, 0xff, 0xff, 0x80, 0x3, 0x32,
    0x2f, 0x51, 0x11, 0x11, 0x21, 0x0, 0x0, 0x6,
    0xd0, 0x0, 0x0, 0x0, 0x0, 0x0, 0x0, 0xef,
    0xff, 0xff, 0xfe, 0x0, 0x0, 0x0, 0x9e, 0xe1,
    0x0, 0xc, 0x70, 0x0, 0x0, 0x6f, 0x39, 0xb0,
    0x6, 0xd0, 0x0, 0x0, 0x6f, 0x60, 0xd, 0x94,
    0xe2, 0x0, 0x0, 0x9f, 0x50, 0x0, 0x2f, 0xf4,
    0x0, 0x0, 0x7, 0x30, 0x0, 0x6d, 0xdd, 0xd6,
    0x10, 0x0, 0x0, 0x7b, 0xfc, 0x50, 0x6, 0xdf,
    0xd7, 0x0, 0x5, 0x72, 0x0, 0x0, 0x0, 0x27,
    0x30,

    /* U+53D6 "取" */
    0x0, 0x0, 0x0, 0x0, 0x0, 0x0, 0x0, 0x0,
    0x2f, 0xff, 0xff, 0xff, 0xae, 0xdd, 0xdd, 0x30,
    0x0, 0xe3, 0x0, 0xe3, 0x1f, 0x52, 0x3f, 0x20,
    0x0, 0xe3, 0x0, 0xe3, 0xe, 0x40, 0x2f, 0x0,
    0x0, 0xee, 0xdd, 0xf3, 0xc, 0x50, 0x4e, 0x0,
    0x0, 0xe4, 0x11, 0xe3, 0xb, 0x60, 0x7c, 0x0,
    0x0, 0xe3, 0x0, 0xe3, 0x9, 0x90, 0xb8, 0x0,
    0x0, 0xe7, 0x44, 0xe3, 0x5, 0xc0, 0xf4, 0x0,
    0x0, 0xec, 0xbb, 0xf3, 0x1, 0xf7, 0xe0, 0x0,
    0x0, 0xe3, 0x0, 0xe3, 0x0, 0xbf, 0x70, 0x0,
    0x0, 0xe3, 0x2, 0xec, 0xb0, 0x8f, 0x40, 0x0,
    0x4, 0xfc, 0xed, 0xf7, 0x12, 0xfc, 0xd1, 0x0,
    0x1f, 0xb6, 0x10, 0xe3, 0x2d, 0xa0, 0xbe, 0x40,
    0x1, 0x0, 0x0, 0xe4, 0xec, 0x0, 0xc, 0xe1,
    0x0, 0x0, 0x0, 0xf4, 0x20, 0x0, 0x0, 0x20,

    /* U+53E3 "口" */
    0x5f, 0xff, 0xff, 0xff, 0xff, 0xf6, 0x5e, 0x11,
    0x11, 0x11, 0x11, 0xd6, 0x5e, 0x0, 0x0, 0x0,
    0x0, 0xd6, 0x5e, 0x0, 0x0, 0x0, 0x0, 0xd6,
    0x5e, 0x0, 0x0, 0x0, 0x0, 0xd6, 0x5e, 0x0,
    0x0, 0x0, 0x0, 0xd6, 0x5e, 0x0, 0x0, 0x0,
    0x0, 0xd6, 0x5e, 0x0, 0x0, 0x0, 0x0, 0xd6,
    0x5e, 0x0, 0x0, 0x0, 0x0, 0xd6, 0x5e, 0x11,
    0x11, 0x11, 0x11, 0xd6, 0x5f, 0xff, 0xff, 0xff,
    0xff, 0xf6, 0x5e, 0x0, 0x0, 0x0, 0x0, 0xd7,

    /* U+540E "后" */
    0x0, 0x0, 0x0, 0x0, 0x0, 0x1, 0x42, 0x0,
    0x1, 0x44, 0x57, 0x8a, 0xce, 0xff, 0xb0, 0x0,
    0x5f, 0xcb, 0xa9, 0x75, 0x42, 0x0, 0x0, 0x5,
    0xf0, 0x0, 0x0, 0x0, 0x0, 0x0, 0x0, 0x5f,
    0x33, 0x33, 0x33, 0x33, 0x34, 0x40, 0x5, 0xfe,
    0xee, 0xee, 0xee, 0xee, 0xee, 0x0, 0x6e, 0x0,
    0x0, 0x0, 0x0, 0x0, 0x0, 0x7, 0xc0, 0x22,
    0x22, 0x22, 0x22, 0x20, 0x0, 0x9b, 0xe, 0xee,
    0xee, 0xee, 0xfe, 0x0, 0xc, 0x80, 0xe5, 0x0,
    0x0, 0x5, 0xd0, 0x0, 0xf4, 0xe, 0x50, 0x0,
    0x0, 0x5d, 0x0, 0x6f, 0x0, 0xe5, 0x0, 0x0,
    0x5, 0xd0, 0x1e, 0x90, 0xe, 0xff, 0xff, 0xff,
    0xfd, 0x1, 0x61, 0x0, 0xe5, 0x0, 0x0, 0x5,
    0xe0, 0x0, 0x0, 0x1, 0x0, 0x0, 0x0, 0x0,
    0x0,

    /* U+56DE "回" */
    0x3f, 0xff, 0xff, 0xff, 0xff, 0xff, 0xf1, 0x3f,
    0x11, 0x11, 0x11, 0x11, 0x12, 0xf1, 0x3f, 0x0,
    0x0, 0x0, 0x0, 0x2, 0xf1, 0x3f, 0x0, 0xef,
    0xff, 0xfe, 0x2, 0xf1, 0x3f, 0x0, 0xe4, 0x0,
    0x4e, 0x2, 0xf1, 0x3f, 0x0, 0xe4, 0x0, 0x4e,
    0x2, 0xf1, 0x3f, 0x0, 0xe4, 0x0, 0x4e, 0x2,
    0xf1, 0x3f, 0x0, 0xed, 0xcc, 0xdf, 0x2, 0xf1,
    0x3f, 0x0, 0x44, 0x44, 0x44, 0x2, 0xf1, 0x3f,
    0x0, 0x0, 0x0, 0x0, 0x2, 0xf1, 0x3f, 0x0,
    0x0, 0x0, 0x0, 0x2, 0xf1, 0x3f, 0xff, 0xff,
    0xff, 0xff, 0xff, 0xf1, 0x3f, 0x0, 0x0, 0x0,
    0x0, 0x2, 0xf1, 0x0, 0x0, 0x0, 0x0, 0x0,
    0x0, 0x10,

    /* U+5728 "在" */
    0x0, 0x0, 0x0, 0x4b, 0x10, 0x0, 0x0, 0x0,
    0x0, 0x0, 0x0, 0x9d, 0x0, 0x0, 0x0, 0x0,
    0x2, 0x54, 0x44, 0xea, 0x44, 0x44, 0x44, 0x40,
    0x5, 0xcc, 0xcd, 0xfc, 0xcc, 0xcc, 0xcc, 0xc0,
    0x0, 0x0, 0xa, 0xa0, 0x9, 0x60, 0x0, 0x0,
    0x0, 0x0, 0x2f, 0x20, 0xc, 0x80, 0x0, 0x0,
    0x0, 0x6, 0xd6, 0x0, 0xc, 0x80, 0x0, 0x0,
    0x0, 0x2e, 0xb1, 0xed, 0xdf, 0xed, 0xde, 0x0,
    0x3, 0xef, 0x90, 0x43, 0x3c, 0x93, 0x34, 0x0,
    0x2f, 0xa9, 0x90, 0x0, 0xc, 0x80, 0x0, 0x0,
    0x4, 0x9, 0x90, 0x0, 0xc, 0x80, 0x0, 0x0,
    0x0, 0x9, 0x90, 0x0, 0xc, 0x80, 0x0, 0x0,
    0x0, 0x9, 0x92, 0x22, 0x2c, 0x92, 0x22, 0x30,
    0x0, 0xa, 0x9a, 0xdd, 0xdd, 0xdd, 0xdd, 0xe0,
    0x0, 0xa, 0xa0, 0x0, 0x0, 0x0, 0x0, 0x0,

    /* U+5730 "地" */
    0x0, 0x3e, 0x10, 0x0, 0x2, 0xf1, 0x0, 0x0,
    0x0, 0x3f, 0x10, 0x15, 0x2, 0xf1, 0x0, 0x0,
    0x0, 0x3f, 0x10, 0x2f, 0x2, 0xf1, 0x0, 0x0,
    0x0, 0x3f, 0x10, 0x2f, 0x2, 0xf3, 0x6b, 0x40,
    0x1c, 0xdf, 0xcb, 0x2f, 0x28, 0xff, 0xbf, 0x40,
    0x5, 0x6f, 0x56, 0x8f, 0xfc, 0xf1, 0xf, 0x40,
    0x0, 0x3f, 0x18, 0xdf, 0x12, 0xf1, 0xf, 0x40,
    0x0, 0x3f, 0x10, 0x2f, 0x2, 0xf1, 0xf, 0x30,
    0x0, 0x3f, 0x10, 0x2f, 0x2, 0xf1, 0x1f, 0x30,
    0x0, 0x3f, 0x10, 0x2f, 0x2, 0xf6, 0xfd, 0x0,
    0x0, 0x3f, 0x7d, 0x2f, 0x2, 0xf2, 0x50, 0x0,
    0x18, 0xdf, 0xb6, 0x2f, 0x1, 0x80, 0x0, 0xa2,
    0xb, 0x71, 0x0, 0x1f, 0x41, 0x11, 0x17, 0xf2,
    0x0, 0x0, 0x0, 0xa, 0xff, 0xff, 0xfe, 0x80,

    /* U+5931 "失" */
    0x0, 0x0, 0x0, 0x5, 0x50, 0x0, 0x0, 0x0,
    0x0, 0x2, 0x20, 0xa, 0xa0, 0x0, 0x0, 0x0,
    0x0, 0x9, 0xc0, 0xa, 0x90, 0x0, 0x0, 0x0,
    0x0, 0xe, 0x72, 0x2b, 0xa2, 0x22, 0x32, 0x0,
    0x0, 0x7f, 0xee, 0xef, 0xfe, 0xee, 0xe8, 0x0,
    0x1, 0xe5, 0x0, 0xb, 0x80, 0x0, 0x0, 0x0,
    0x7, 0xb0, 0x0, 0xc, 0x70, 0x0, 0x0, 0x0,
    0x4, 0x54, 0x44, 0x4d, 0x94, 0x44, 0x44, 0x30,
    0xc, 0xcc, 0xcc, 0xcf, 0xfc, 0xcc, 0xcc, 0x80,
    0x0, 0x0, 0x0, 0x6e, 0xe5, 0x0, 0x0, 0x0,
    0x0, 0x0, 0x1, 0xe6, 0x5f, 0x30, 0x0, 0x0,
    0x0, 0x0, 0x2d, 0xa0, 0x8, 0xf7, 0x0, 0x0,
    0x0, 0x7, 0xfa, 0x0, 0x0, 0x6f, 0xe8, 0x30,
    0x8, 0xef, 0x70, 0x0, 0x0, 0x1, 0xaf, 0xb0,
    0x5, 0x81, 0x0, 0x0, 0x0, 0x0, 0x1, 0x10,

    /* U+5947 "奇" */
    0x0, 0x0, 0x0, 0x1, 0x0, 0x0, 0x0, 0x0,
    0x0, 0x0, 0x0, 0x9, 0xd0, 0x0, 0x0, 0x0,
    0x1, 0x54, 0x44, 0x4b, 0xc4, 0x44, 0x44, 0x40,
    0x3, 0xcb, 0xbb, 0xbf, 0xdb, 0xbb, 0xbc, 0xa0,
    0x0, 0x0, 0x1, 0xaf, 0xd8, 0x51, 0x0, 0x0,
    0x0, 0x68, 0xcf, 0xb3, 0x37, 0xbf, 0xd7, 0x0,
    0x0, 0x8b, 0x72, 0x0, 0x0, 0x0, 0x64, 0x0,
    0x5f, 0xee, 0xee, 0xee, 0xee, 0xee, 0xee, 0xf6,
    0x0, 0x0, 0x0, 0x0, 0x0, 0x0, 0xf3, 0x0,
    0x0, 0xa, 0xff, 0xff, 0xfc, 0x0, 0xf3, 0x0,
    0x0, 0x9, 0x90, 0x0, 0x7c, 0x0, 0xf3, 0x0,
    0x0, 0x9, 0x90, 0x0, 0x7c, 0x0, 0xf3, 0x0,
    0x0, 0xa, 0xff, 0xff, 0xfc, 0x0, 0xf3, 0x0,
    0x0, 0xb, 0x90, 0x0, 0x7d, 0x13, 0xf3, 0x0,
    0x0, 0x2, 0x20, 0x0, 0x0, 0x4f, 0xd0, 0x0,
    0x0, 0x0, 0x0, 0x0, 0x0, 0x3, 0x0, 0x0,

    /* U+5B57 "字" */
    0x0, 0x0, 0x0, 0x0, 0x0, 0x0, 0x0, 0x0,
    0x0, 0x0, 0x4c, 0x0, 0x0, 0x0, 0x0, 0x0,
    0x0, 0x1, 0xd9, 0x0, 0x0, 0x0, 0x4, 0xff,
    0xff, 0xff, 0xff, 0xff, 0xff, 0x50, 0x4e, 0x0,
    0x0, 0x0, 0x0, 0x0, 0xd5, 0x3, 0xa0, 0x21,
    0x11, 0x11, 0x11, 0x8, 0x30, 0x0, 0x5f, 0xff,
    0xff, 0xff, 0xf5, 0x0, 0x0, 0x0, 0x0, 0x0,
    0x7, 0xf7, 0x0, 0x0, 0x0, 0x0, 0x0, 0x2c,
    0xd2, 0x0, 0x0, 0x1, 0x21, 0x11, 0x18, 0xf2,
    0x11, 0x11, 0x20, 0xbf, 0xff, 0xff, 0xff, 0xff,
    0xff, 0xff, 0x20, 0x0, 0x0, 0x6, 0xe0, 0x0,
    0x0, 0x0, 0x0, 0x0, 0x0, 0x6e, 0x0, 0x0,
    0x0, 0x0, 0x0, 0x0, 0x6, 0xe0, 0x0, 0x0,
    0x0, 0x0, 0x0, 0x38, 0xcd, 0x0, 0x0, 0x0,
    0x0, 0x0, 0x2, 0xdb, 0x40, 0x0, 0x0, 0x0,

    /* U+5B58 "存" */
    0x0, 0x0, 0x0, 0x0, 0x0, 0x0, 0x0, 0x0,
    0x0, 0x0, 0x0, 0x6f, 0x20, 0x0, 0x0, 0x0,
    0x0, 0x0, 0x0, 0xca, 0x0, 0x0, 0x0, 0x0,
    0x1, 0xff, 0xff, 0xff, 0xff, 0xff, 0xff, 0xb0,
    0x0, 0x22, 0x1b, 0xa1, 0x11, 0x11, 0x12, 0x10,
    0x0, 0x1, 0x7f, 0x20, 0x0, 0x0, 0x0, 0x0,
    0x0, 0x5, 0xf7, 0x4f, 0xff, 0xff, 0xff, 0x40,
    0x0, 0xd, 0xd0, 0x2, 0x11, 0x16, 0xfb, 0x10,
    0x0, 0xbf, 0xb0, 0x0, 0x0, 0xae, 0x50, 0x0,
    0xa, 0xe7, 0xb1, 0x22, 0x22, 0xf6, 0x22, 0x20,
    0x3, 0x35, 0xb5, 0xff, 0xff, 0xff, 0xff, 0xf2,
    0x0, 0x5, 0xb0, 0x0, 0x0, 0xe5, 0x0, 0x0,
    0x0, 0x5, 0xb0, 0x0, 0x0, 0xe5, 0x0, 0x0,
    0x0, 0x5, 0xb0, 0x0, 0x0, 0xe5, 0x0, 0x0,
    0x0, 0x5, 0xc0, 0x0, 0x36, 0xf4, 0x0, 0x0,
    0x0, 0x0, 0x0, 0x0, 0x6d, 0x90, 0x0, 0x0,

    /* U+5C0F "小" */
    0x0, 0x0, 0x0, 0x6f, 0x0, 0x0, 0x0, 0x0,
    0x0, 0x0, 0x5e, 0x0, 0x0, 0x0, 0x0, 0x0,
    0x0, 0x5e, 0x0, 0x0, 0x0, 0x0, 0x0, 0x0,
    0x5e, 0x0, 0x0, 0x0, 0x0, 0x2d, 0x30, 0x5e,
    0x0, 0xd3, 0x0, 0x0, 0x7f, 0x0, 0x5e, 0x0,
    0xbc, 0x0, 0x0, 0xca, 0x0, 0x5e, 0x0, 0x3f,
    0x50, 0x2, 0xf4, 0x0, 0x5e, 0x0, 0xa, 0xd0,
    0x9, 0xe0, 0x0, 0x5e, 0x0, 0x3, 0xf4, 0x1f,
    0x70, 0x0, 0x5e, 0x0, 0x0, 0xcb, 0x3c, 0x10,
    0x0, 0x5e, 0x0, 0x0, 0x32, 0x0, 0x0, 0x0,
    0x5e, 0x0, 0x0, 0x0, 0x0, 0x0, 0x1, 0x7e,
    0x0, 0x0, 0x0, 0x0, 0x0, 0x2f, 0xf9, 0x0,
    0x0, 0x0, 0x0, 0x0, 0x4, 0x20, 0x0, 0x0,
    0x0,

    /* U+5C3E "尾" */
    0x0, 0xdf, 0xff, 0xff, 0xff, 0xff, 0xfe, 0x0,
    0x0, 0xc7, 0x0, 0x0, 0x0, 0x0, 0x5d, 0x0,
    0x0, 0xcf, 0xff, 0xff, 0xff, 0xff, 0xfe, 0x0,
    0x0, 0xc7, 0x11, 0x11, 0x11, 0x13, 0x41, 0x0,
    0x0, 0xc6, 0x45, 0x68, 0xac, 0xef, 0xd0, 0x0,
    0x0, 0xd6, 0x9b, 0x98, 0xf7, 0x20, 0x0, 0x0,
    0x0, 0xd6, 0x0, 0x12, 0xf7, 0x67, 0x94, 0x0,
    0x0, 0xf5, 0x9f, 0xfe, 0xfd, 0xa9, 0x73, 0x0,
    0x0, 0xf3, 0x11, 0x0, 0xf4, 0x2, 0x35, 0x10,
    0x3, 0xf3, 0x89, 0xab, 0xff, 0xfe, 0xdc, 0x20,
    0x7, 0xe2, 0x97, 0x64, 0xf4, 0x0, 0x0, 0x10,
    0xc, 0xa0, 0x0, 0x0, 0xe6, 0x0, 0x4, 0xf0,
    0x2f, 0x50, 0x0, 0x0, 0xaf, 0xff, 0xff, 0x70,
    0x2, 0x0, 0x0, 0x0, 0x0, 0x0, 0x0, 0x0,

    /* U+5DF2 "已" */
    0x0, 0x0, 0x0, 0x0, 0x0, 0x0, 0x0, 0x7f,
    0xff, 0xff, 0xff, 0xff, 0xff, 0x0, 0x13, 0x22,
    0x22, 0x22, 0x22, 0x6f, 0x0, 0x0, 0x0, 0x0,
    0x0, 0x0, 0x4f, 0x0, 0xa, 0x60, 0x0, 0x0,
    0x0, 0x4f, 0x0, 0xe, 0x80, 0x0, 0x0, 0x0,
    0x4f, 0x0, 0xd, 0xff, 0xff, 0xff, 0xff, 0xff,
    0x0, 0xd, 0x81, 0x11, 0x11, 0x11, 0x5f, 0x10,
    0xd, 0x70, 0x0, 0x0, 0x0, 0x1, 0x0, 0xd,
    0x70, 0x0, 0x0, 0x0, 0x0, 0x0, 0xd, 0x70,
    0x0, 0x0, 0x0, 0x0, 0x62, 0xd, 0x70, 0x0,
    0x0, 0x0, 0x0, 0xeb, 0xc, 0xd4, 0x44, 0x44,
    0x44, 0x48, 0xf6, 0x4, 0xde, 0xff, 0xff, 0xff,
    0xfe, 0xa0,

    /* U+5E27 "帧" */
    0x0, 0xe, 0x40, 0x0, 0x3, 0xf0, 0x0, 0x0,
    0x0, 0xd, 0x40, 0x0, 0x3, 0xfb, 0xbb, 0xb1,
    0x4, 0x4e, 0x74, 0x10, 0x3, 0xf3, 0x33, 0x40,
    0xf, 0x9f, 0xbe, 0x50, 0x3, 0xf0, 0x0, 0x0,
    0xf, 0x1d, 0x4d, 0x4c, 0xcd, 0xfc, 0xcc, 0x40,
    0xf, 0x1d, 0x4d, 0x4e, 0x61, 0x11, 0x1e, 0x40,
    0xf, 0x1d, 0x4d, 0x4e, 0x52, 0xf4, 0xe, 0x40,
    0xf, 0x1d, 0x4d, 0x4e, 0x52, 0xf2, 0xe, 0x40,
    0xf, 0x1d, 0x4d, 0x4e, 0x52, 0xf1, 0xe, 0x40,
    0xf, 0x1d, 0x5e, 0x4f, 0x53, 0xf0, 0xe, 0x40,
    0xf, 0x1d, 0xbf, 0x1a, 0x36, 0xc1, 0x27, 0x20,
    0xb, 0xd, 0x51, 0x0, 0x2e, 0x57, 0xf6, 0x0,
    0x0, 0xe, 0x40, 0x6, 0xe9, 0x0, 0x9f, 0xa0,
    0x0, 0xe, 0x40, 0xae, 0x50, 0x0, 0x6, 0xd2,
    0x0, 0x0, 0x0, 0x0, 0x0, 0x0, 0x0, 0x0,

    /* U+5E38 "常" */
    0x0, 0x70, 0x0, 0xe5, 0x0, 0x72, 0x0, 0x0,
    0xd8, 0x0, 0xe5, 0x2, 0xf3, 0x0, 0x0, 0x5a,
    0x0, 0xd5, 0xa, 0xa0, 0x0, 0xff, 0xff, 0xff,
    0xff, 0xff, 0xff, 0xf5, 0xe4, 0x0, 0x0, 0x0,
    0x0, 0x0, 0xe5, 0xe4, 0xef, 0xff, 0xff, 0xff,
    0xf3, 0xc4, 0x0, 0xe4, 0x0, 0x0, 0x0, 0xe3,
    0x0, 0x0, 0xee, 0xee, 0xee, 0xee, 0xf3, 0x0,
    0x0, 0x11, 0x11, 0xd6, 0x11, 0x10, 0x0, 0x4,
    0x44, 0x44, 0xe8, 0x44, 0x44, 0x10, 0xe, 0xbb,
    0xbb, 0xfc, 0xbb, 0xbe, 0x60, 0xe, 0x10, 0x0,
    0xd5, 0x0, 0xa, 0x60, 0xe, 0x10, 0x0, 0xd5,
    0x1, 0x2c, 0x50, 0xc, 0x10, 0x0, 0xe5, 0x9,
    0xfc, 0x10, 0x0, 0x0, 0x0, 0xe5, 0x0, 0x0,
    0x0,

    /* U+5E74 "年" */
    0x0, 0x0, 0x1, 0x0, 0x0, 0x0, 0x0, 0x0,
    0x0, 0x0, 0x6f, 0x30, 0x0, 0x0, 0x0, 0x0,
    0x0, 0x0, 0xda, 0x0, 0x0, 0x0, 0x0, 0x0,
    0x0, 0x7, 0xff, 0xff, 0xff, 0xff, 0xff, 0x40,
    0x0, 0x2f, 0x70, 0x0, 0xd6, 0x0, 0x0, 0x0,
    0x0, 0xcd, 0x0, 0x0, 0xd6, 0x0, 0x0, 0x0,
    0xa, 0xf3, 0x11, 0x11, 0xd7, 0x11, 0x21, 0x0,
    0x1, 0x55, 0xfd, 0xdd, 0xfe, 0xdd, 0xe8, 0x0,
    0x0, 0x4, 0xe0, 0x0, 0xd6, 0x0, 0x0, 0x0,
    0x0, 0x4, 0xe0, 0x0, 0xd6, 0x0, 0x0, 0x0,
    0x4, 0x36, 0xf3, 0x33, 0xe8, 0x33, 0x33, 0x40,
    0x2c, 0xcb, 0xbb, 0xbb, 0xfd, 0xbb, 0xbb, 0xc1,
    0x0, 0x0, 0x0, 0x0, 0xd6, 0x0, 0x0, 0x0,
    0x0, 0x0, 0x0, 0x0, 0xd6, 0x0, 0x0, 0x0,
    0x0, 0x0, 0x0, 0x0, 0xe6, 0x0, 0x0, 0x0,
    0x0, 0x0, 0x0, 0x0, 0xe6, 0x0, 0x0, 0x0,

    /* U+5E94 "应" */
    0x0, 0x0, 0x0, 0x0, 0x0, 0x0, 0x0, 0x0,
    0x0, 0x0, 0x0, 0x3f, 0x20, 0x0, 0x0, 0x0,
    0x0, 0x0, 0x0, 0xf8, 0x0, 0x0, 0x0, 0x6,
    0xff, 0xff, 0xff, 0xff, 0xff, 0xfb, 0x0, 0x6c,
    0x0, 0x0, 0x0, 0x0, 0x0, 0x0, 0x6, 0xc0,
    0x0, 0x13, 0x0, 0x1, 0x0, 0x0, 0x6b, 0x0,
    0x7, 0xd0, 0x0, 0x8e, 0x0, 0x6, 0xb5, 0xa0,
    0xe, 0x60, 0xc, 0xa0, 0x0, 0x7a, 0x2f, 0x30,
    0x7d, 0x1, 0xf3, 0x0, 0x8, 0x90, 0x9c, 0x1,
    0xf5, 0x6d, 0x0, 0x0, 0xb7, 0x1, 0xf4, 0x4,
    0xc, 0x70, 0x0, 0xd, 0x50, 0x9, 0x80, 0x3,
    0xf1, 0x0, 0x2, 0xf2, 0x0, 0x0, 0x0, 0x9a,
    0x0, 0x0, 0x7e, 0x16, 0x55, 0x55, 0x5f, 0x95,
    0x55, 0xe, 0x84, 0xed, 0xdd, 0xdd, 0xdd, 0xdd,
    0xc0, 0x61, 0x0, 0x0, 0x0, 0x0, 0x0, 0x0,

    /* U+5F00 "开" */
    0x0, 0x0, 0x0, 0x0, 0x0, 0x0, 0x0, 0x0,
    0x0, 0xef, 0xff, 0xff, 0xff, 0xff, 0xff, 0x60,
    0x0, 0x22, 0x27, 0xe2, 0x22, 0xf7, 0x22, 0x10,
    0x0, 0x0, 0x6, 0xe0, 0x0, 0xf5, 0x0, 0x0,
    0x0, 0x0, 0x6, 0xe0, 0x0, 0xf5, 0x0, 0x0,
    0x0, 0x0, 0x6, 0xe0, 0x0, 0xf5, 0x0, 0x0,
    0x5, 0x44, 0x48, 0xf4, 0x44, 0xf8, 0x44, 0x51,
    0xe, 0xdd, 0xce, 0xfc, 0xcc, 0xfd, 0xcd, 0xd3,
    0x0, 0x0, 0x9, 0xb0, 0x0, 0xf5, 0x0, 0x0,
    0x0, 0x0, 0xe, 0x70, 0x0, 0xf5, 0x0, 0x0,
    0x0, 0x0, 0x7f, 0x20, 0x0, 0xf5, 0x0, 0x0,
    0x0, 0x4, 0xf8, 0x0, 0x0, 0xf5, 0x0, 0x0,
    0x1, 0x8f, 0xa0, 0x0, 0x0, 0xf6, 0x0, 0x0,
    0x2, 0xb8, 0x0, 0x0, 0x0, 0xf6, 0x0, 0x0,

    /* U+5F0F "式" */
    0x0, 0x0, 0x0, 0x0, 0x10, 0x0, 0x0, 0x0,
    0x0, 0x0, 0x0, 0x1, 0xf7, 0x18, 0x0, 0x0,
    0x0, 0x0, 0x0, 0x0, 0xf6, 0x2e, 0xb0, 0x0,
    0x0, 0x0, 0x0, 0x0, 0xf7, 0x3, 0x80, 0x0,
    0x4f, 0xff, 0xff, 0xff, 0xff, 0xff, 0xff, 0x60,
    0x13, 0x22, 0x22, 0x22, 0xca, 0x22, 0x23, 0x10,
    0x0, 0x0, 0x0, 0x0, 0x9b, 0x0, 0x0, 0x0,
    0x1, 0x33, 0x33, 0x33, 0x6e, 0x0, 0x0, 0x0,
    0x6, 0xdd, 0xfe, 0xea, 0x3f, 0x10, 0x0, 0x0,
    0x0, 0x0, 0xe5, 0x0, 0xe, 0x60, 0x0, 0x0,
    0x0, 0x0, 0xe5, 0x0, 0xa, 0xb0, 0x0, 0x0,
    0x0, 0x0, 0xe5, 0x0, 0x5, 0xf2, 0x0, 0x0,
    0x0, 0x0, 0xe8, 0x8c, 0x40, 0xda, 0x6, 0xa1,
    0x6, 0x9c, 0xfc, 0x85, 0x10, 0x4f, 0x78, 0xf0,
    0xb, 0xc6, 0x10, 0x0, 0x0, 0x7, 0xff, 0xb0,
    0x0, 0x0, 0x0, 0x0, 0x0, 0x0, 0x38, 0x20,

    /* U+5F53 "当" */
    0x0, 0x0, 0x0, 0x7f, 0x0, 0x0, 0x0, 0x5,
    0xd1, 0x0, 0x6e, 0x0, 0x6, 0xe1, 0x2, 0xfb,
    0x0, 0x6e, 0x0, 0x1e, 0xb0, 0x0, 0x6f, 0x60,
    0x6e, 0x0, 0xcd, 0x10, 0x0, 0xa, 0x40, 0x6e,
    0x1, 0xc3, 0x0, 0x3, 0x32, 0x22, 0x7e, 0x22,
    0x22, 0x20, 0xf, 0xee, 0xee, 0xee, 0xee, 0xee,
    0xf2, 0x0, 0x0, 0x0, 0x0, 0x0, 0x3, 0xf1,
    0x1, 0x22, 0x22, 0x22, 0x22, 0x24, 0xf1, 0xa,
    0xff, 0xff, 0xff, 0xff, 0xff, 0xf1, 0x0, 0x0,
    0x0, 0x0, 0x0, 0x3, 0xf1, 0x0, 0x0, 0x0,
    0x0, 0x0, 0x3, 0xf1, 0x3f, 0xff, 0xff, 0xff,
    0xff, 0xff, 0xf1, 0x2, 0x21, 0x11, 0x11, 0x11,
    0x14, 0xf1, 0x0, 0x0, 0x0, 0x0, 0x0, 0x3,
    0xf2,

    /* U+5F55 "录" */
    0x0, 0x1, 0x0, 0x0, 0x0, 0x0, 0x0, 0x0,
    0x0, 0x5f, 0xff, 0xff, 0xff, 0xff, 0xf1, 0x0,
    0x0, 0x0, 0x0, 0x0, 0x0, 0x4, 0xf0, 0x0,
    0x0, 0xc, 0xff, 0xff, 0xff, 0xff, 0xe0, 0x0,
    0x0, 0x1, 0x11, 0x11, 0x11, 0x17, 0xd0, 0x0,
    0x2, 0x21, 0x11, 0x11, 0x11, 0x18, 0xc2, 0x20,
    0xe, 0xee, 0xee, 0xee, 0xfe, 0xee, 0xee, 0xe4,
    0x0, 0x3, 0x0, 0x6, 0xe0, 0x0, 0x20, 0x0,
    0x0, 0x3f, 0x70, 0x6, 0xf2, 0x5, 0xf7, 0x0,
    0x0, 0x3, 0xe5, 0x17, 0xfd, 0x9e, 0x60, 0x0,
    0x0, 0x0, 0x27, 0xe9, 0xe9, 0xf3, 0x0, 0x0,
    0x0, 0x18, 0xeb, 0x36, 0xe0, 0xae, 0x40, 0x0,
    0xa, 0xfc, 0x40, 0x6, 0xe0, 0x7, 0xfd, 0x81,
    0x4, 0x50, 0x0, 0x8d, 0xd0, 0x0, 0x2a, 0xc0,
    0x0, 0x0, 0x0, 0x89, 0x30, 0x0, 0x0, 0x0,

    /* U+5F84 "径" */
    0x0, 0x0, 0x0, 0x0, 0x0, 0x0, 0x0, 0x0,
    0x0, 0x0, 0xc6, 0x0, 0x0, 0x0, 0x0, 0x0,
    0x0, 0x9, 0xd1, 0x6f, 0xff, 0xff, 0xfb, 0x0,
    0x0, 0x9e, 0x20, 0x1, 0x0, 0x7, 0xf2, 0x0,
    0xb, 0xe2, 0x1c, 0x20, 0x0, 0x5f, 0x40, 0x0,
    0x4, 0x10, 0xbb, 0x0, 0x9, 0xfe, 0x40, 0x0,
    0x0, 0x8, 0xc0, 0x5, 0xdc, 0x26, 0xea, 0x10,
    0x0, 0x7f, 0x42, 0xee, 0x60, 0x0, 0x1c, 0xd0,
    0x9, 0xee, 0x40, 0x50, 0x0, 0x0, 0x0, 0x10,
    0x1a, 0x1d, 0x40, 0x7f, 0xee, 0xee, 0xee, 0x30,
    0x0, 0xd, 0x40, 0x13, 0x26, 0xe2, 0x22, 0x0,
    0x0, 0xd, 0x40, 0x0, 0x4, 0xe0, 0x0, 0x0,
    0x0, 0xd, 0x40, 0x0, 0x4, 0xe0, 0x0, 0x0,
    0x0, 0xd, 0x42, 0x32, 0x26, 0xe2, 0x22, 0x41,
    0x0, 0xe, 0x4b, 0xee, 0xee, 0xee, 0xee, 0xe3,
    0x0, 0xe, 0x50, 0x0, 0x0, 0x0, 0x0, 0x0,

    /* U+5F85 "待" */
    0x0, 0x0, 0xc3, 0x0, 0xc, 0x70, 0x0, 0x0,
    0x0, 0xa, 0xb0, 0x0, 0xc, 0x60, 0x0, 0x0,
    0x0, 0x9d, 0x10, 0xce, 0xef, 0xfe, 0xfb, 0x0,
    0xa, 0xe1, 0x42, 0x12, 0x1c, 0x71, 0x11, 0x0,
    0x6, 0x20, 0xe8, 0x0, 0xc, 0x60, 0x0, 0x0,
    0x0, 0xa, 0xd7, 0xed, 0xdf, 0xed, 0xdd, 0xd5,
    0x0, 0x5f, 0x51, 0x33, 0x22, 0x26, 0xe2, 0x31,
    0x3, 0xff, 0x50, 0x0, 0x0, 0x4, 0xe0, 0x0,
    0x2f, 0x7e, 0x59, 0xff, 0xff, 0xff, 0xff, 0xf2,
    0x5, 0xe, 0x51, 0x25, 0x11, 0x15, 0xe1, 0x20,
    0x0, 0xe, 0x50, 0x2f, 0x60, 0x4, 0xe0, 0x0,
    0x0, 0xe, 0x50, 0xa, 0xf1, 0x4, 0xe0, 0x0,
    0x0, 0xe, 0x50, 0x1, 0x70, 0x5, 0xe0, 0x0,
    0x0, 0xe, 0x50, 0x0, 0x2, 0xcf, 0xc0, 0x0,
    0x0, 0xe, 0x50, 0x0, 0x0, 0xb8, 0x10, 0x0,

    /* U+5FC5 "必" */
    0x0, 0x0, 0x0, 0x91, 0x0, 0x0, 0x0, 0x0,
    0x0, 0x0, 0x0, 0xdc, 0x0, 0x7, 0x0, 0x0,
    0x0, 0x0, 0x0, 0x2f, 0x90, 0x5f, 0x60, 0x0,
    0x0, 0x0, 0x0, 0x6, 0x40, 0xbd, 0x0, 0x0,
    0x0, 0x0, 0x1c, 0x30, 0x2, 0xf5, 0x0, 0x0,
    0x0, 0xa3, 0x1f, 0x40, 0xa, 0xd1, 0xa0, 0x0,
    0x4, 0xf3, 0x1f, 0x40, 0x3f, 0x42, 0xfb, 0x0,
    0x9, 0xe0, 0x1f, 0x41, 0xea, 0x0, 0x5f, 0x70,
    0xe, 0x80, 0x1f, 0x4b, 0xd1, 0x0, 0xa, 0xf2,
    0x3f, 0x30, 0x1f, 0xde, 0x20, 0x0, 0x1, 0x70,
    0x0, 0x0, 0x6f, 0xe2, 0x0, 0x4, 0x10, 0x0,
    0x0, 0x5c, 0xff, 0x40, 0x0, 0xd, 0xc0, 0x0,
    0xd, 0xfb, 0x3f, 0xa4, 0x44, 0x6f, 0x70, 0x0,
    0x4, 0x30, 0x7, 0xde, 0xee, 0xea, 0x0, 0x0,

    /* U+5FD7 "志" */
    0x0, 0x0, 0x0, 0xf, 0x70, 0x0, 0x0, 0x0,
    0x0, 0x0, 0x0, 0xe, 0x60, 0x0, 0x0, 0x0,
    0x5, 0x33, 0x33, 0x3e, 0x83, 0x33, 0x34, 0x20,
    0x2d, 0xcc, 0xcc, 0xcf, 0xdc, 0xcc, 0xcc, 0x70,
    0x0, 0x0, 0x0, 0xe, 0x60, 0x0, 0x0, 0x0,
    0x0, 0x0, 0x0, 0xe, 0x60, 0x0, 0x0, 0x0,
    0x0, 0xbf, 0xff, 0xff, 0xff, 0xff, 0xf5, 0x0,
    0x0, 0x12, 0x11, 0x12, 0x11, 0x11, 0x20, 0x0,
    0x0, 0x0, 0x0, 0xd, 0x70, 0x0, 0x30, 0x0,
    0x0, 0xc8, 0x4e, 0x15, 0xf3, 0x4, 0xf4, 0x0,
    0x4, 0xf3, 0x4f, 0x10, 0xa4, 0x0, 0x8f, 0x30,
    0xc, 0xb0, 0x4f, 0x10, 0x0, 0x47, 0xb, 0xd0,
    0x4f, 0x30, 0x3f, 0x42, 0x22, 0xbe, 0x1, 0x20,
    0x2, 0x0, 0x1d, 0xff, 0xff, 0xe4, 0x0, 0x0,
    0x0, 0x0, 0x0, 0x0, 0x0, 0x0, 0x0, 0x0,

    /* U+6001 "态" */
    0x0, 0x0, 0x0, 0x1, 0x0, 0x0, 0x0, 0x0,
    0x0, 0x0, 0x0, 0x5f, 0x20, 0x0, 0x0, 0x0,
    0x0, 0x0, 0x0, 0x8d, 0x0, 0x0, 0x0, 0x0,
    0xe, 0xff, 0xff, 0xff, 0xff, 0xff, 0xff, 0x80,
    0x3, 0x32, 0x26, 0xf4, 0x4f, 0x42, 0x23, 0x10,
    0x0, 0x0, 0xc, 0xa0, 0xa, 0xa0, 0x0, 0x0,
    0x0, 0x0, 0xbd, 0x82, 0x1, 0xe9, 0x0, 0x0,
    0x0, 0x3d, 0xd2, 0xaf, 0x30, 0x2e, 0xc5, 0x0,
    0xb, 0xfa, 0x10, 0x9, 0x30, 0x1, 0x9f, 0xb0,
    0x5, 0x50, 0x0, 0x1, 0x40, 0x0, 0x1, 0x10,
    0x0, 0x71, 0x19, 0x26, 0xe0, 0x0, 0xb4, 0x0,
    0x2, 0xf4, 0x2f, 0x30, 0xd4, 0x0, 0x8e, 0x10,
    0x7, 0xd0, 0x1f, 0x30, 0x0, 0x18, 0x1d, 0xb0,
    0xe, 0x70, 0x1f, 0x73, 0x33, 0x9f, 0x23, 0x60,
    0x6, 0x10, 0xb, 0xef, 0xff, 0xe7, 0x0, 0x0,

    /* U+6210 "成" */
    0x0, 0x0, 0x0, 0x0, 0x0, 0x0, 0x0, 0x0,
    0x0, 0x0, 0x0, 0x0, 0x5f, 0xa, 0x80, 0x0,
    0x0, 0x0, 0x0, 0x0, 0x5f, 0x3, 0xe9, 0x0,
    0x0, 0x0, 0x0, 0x0, 0x4f, 0x0, 0x47, 0x0,
    0x0, 0xcf, 0xff, 0xff, 0xff, 0xff, 0xff, 0xa0,
    0x0, 0xc8, 0x11, 0x11, 0x2f, 0x21, 0x11, 0x10,
    0x0, 0xb7, 0x0, 0x0, 0xf, 0x20, 0x79, 0x0,
    0x0, 0xbf, 0xff, 0xf7, 0xd, 0x40, 0xda, 0x0,
    0x0, 0xc8, 0x22, 0xd6, 0xb, 0x84, 0xf2, 0x0,
    0x0, 0xc6, 0x0, 0xd5, 0x8, 0xbd, 0x90, 0x0,
    0x0, 0xe5, 0x0, 0xe3, 0x3, 0xfe, 0x10, 0x0,
    0x1, 0xf3, 0x0, 0xf2, 0x4, 0xf9, 0x0, 0x30,
    0x5, 0xf0, 0x9d, 0xf0, 0x4f, 0xaf, 0x21, 0xf3,
    0xc, 0xa0, 0x68, 0x48, 0xf6, 0xa, 0xe8, 0xf1,
    0x3f, 0x20, 0x0, 0xcd, 0x30, 0x1, 0xcf, 0xc0,
    0x0, 0x0, 0x0, 0x20, 0x0, 0x0, 0x3, 0x10,

    /* U+6253 "打" */
    0x0, 0x6, 0xf0, 0x0, 0x0, 0x0, 0x0, 0x0,
    0x0, 0x5, 0xf0, 0x5, 0x77, 0x77, 0x77, 0x73,
    0x0, 0x5, 0xe0, 0x6, 0x99, 0x9f, 0xb9, 0x94,
    0xb, 0xde, 0xfd, 0xd5, 0x0, 0xf, 0x40, 0x0,
    0x4, 0x47, 0xf3, 0x31, 0x0, 0xf, 0x40, 0x0,
    0x0, 0x5, 0xe0, 0x0, 0x0, 0xf, 0x40, 0x0,
    0x0, 0x5, 0xe3, 0x91, 0x0, 0xf, 0x40, 0x0,
    0x0, 0x4a, 0xfe, 0x90, 0x0, 0xf, 0x40, 0x0,
    0xe, 0xec, 0xe0, 0x0, 0x0, 0xf, 0x40, 0x0,
    0x3, 0x5, 0xe0, 0x0, 0x0, 0xf, 0x40, 0x0,
    0x0, 0x5, 0xe0, 0x0, 0x0, 0xf, 0x40, 0x0,
    0x0, 0x5, 0xe0, 0x0, 0x0, 0xf, 0x40, 0x0,
    0x0, 0x39, 0xe0, 0x0, 0x1, 0x5f, 0x40, 0x0,
    0x0, 0xef, 0x70, 0x0, 0xc, 0xfd, 0x0, 0x0,
    0x0, 0x10, 0x0, 0x0, 0x2, 0x20, 0x0, 0x0,

    /* U+6301 "持" */
    0x0, 0xd, 0x50, 0x0, 0x6, 0xd0, 0x0, 0x0,
    0x0, 0xf, 0x40, 0x0, 0x5, 0xd0, 0x0, 0x0,
    0x0, 0xe, 0x40, 0x27, 0x69, 0xe6, 0x67, 0x0,
    0x15, 0x5f, 0x86, 0x3a, 0xac, 0xfa, 0xab, 0x0,
    0x3d, 0xcf, 0xdd, 0x10, 0x5, 0xd0, 0x0, 0x0,
    0x0, 0xe, 0x40, 0x43, 0x37, 0xd3, 0x33, 0x31,
    0x0, 0xe, 0x41, 0xcc, 0xcc, 0xcd, 0xfc, 0xd3,
    0x0, 0x2f, 0xea, 0x0, 0x0, 0x6, 0xc0, 0x0,
    0x4e, 0xff, 0x50, 0x9d, 0xdd, 0xde, 0xfd, 0xd0,
    0x19, 0x1e, 0x40, 0x23, 0x22, 0x28, 0xc2, 0x30,
    0x0, 0xe, 0x40, 0x1e, 0x40, 0x6, 0xc0, 0x0,
    0x0, 0xe, 0x40, 0xb, 0xd0, 0x6, 0xc0, 0x0,
    0x0, 0xe, 0x40, 0x3, 0xf2, 0x6, 0xc0, 0x0,
    0x4, 0x8f, 0x30, 0x0, 0x11, 0x5b, 0xb0, 0x0,
    0x6, 0xd7, 0x0, 0x0, 0x0, 0xed, 0x40, 0x0,

    /* U+6302 "挂" */
    0x0, 0xf, 0x30, 0x0, 0x1, 0xf1, 0x0, 0x0,
    0x0, 0xf, 0x30, 0x0, 0x1, 0xf1, 0x0, 0x0,
    0x0, 0xf, 0x30, 0x58, 0x88, 0xf8, 0x88, 0x50,
    0x2, 0x2f, 0x52, 0x47, 0x78, 0xf8, 0x77, 0x50,
    0x3d, 0xcf, 0xda, 0x0, 0x1, 0xf1, 0x0, 0x0,
    0x0, 0xf, 0x30, 0x43, 0x34, 0xf4, 0x33, 0x41,
    0x0, 0xf, 0x32, 0xdc, 0xcc, 0xcc, 0xcc, 0xc4,
    0x2, 0x7f, 0xd6, 0x0, 0x0, 0xf2, 0x0, 0x0,
    0x1f, 0xbf, 0x30, 0x0, 0x0, 0xf2, 0x0, 0x0,
    0x2, 0xf, 0x30, 0x8f, 0xff, 0xff, 0xff, 0x90,
    0x0, 0xf, 0x30, 0x0, 0x0, 0xf2, 0x0, 0x0,
    0x0, 0xf, 0x30, 0x0, 0x0, 0xf2, 0x0, 0x0,
    0x0, 0xf, 0x20, 0x0, 0x0, 0xf2, 0x0, 0x0,
    0x5, 0xbf, 0x19, 0xff, 0xff, 0xff, 0xff, 0xf7,
    0x3, 0x93, 0x0, 0x0, 0x0, 0x0, 0x0, 0x0,

    /* U+636E "据" */
    0x0, 0xa, 0x20, 0x0, 0x0, 0x0, 0x0, 0x0,
    0x0, 0xf, 0x30, 0x3f, 0xff, 0xff, 0xff, 0x10,
    0x0, 0xe, 0x30, 0x3d, 0x0, 0x0, 0xf, 0x10,
    0x16, 0x6f, 0x86, 0x4d, 0x0, 0x0, 0xf, 0x10,
    0x29, 0x9f, 0xa9, 0x4f, 0xff, 0xff, 0xff, 0x10,
    0x0, 0xe, 0x30, 0x3d, 0x0, 0x39, 0x0, 0x0,
    0x0, 0xe, 0x5a, 0x4d, 0x0, 0x4d, 0x0, 0x10,
    0x0, 0x3f, 0xe6, 0x4f, 0xff, 0xff, 0xff, 0xf5,
    0x2d, 0xcf, 0x30, 0x5b, 0x0, 0x4c, 0x0, 0x0,
    0x4, 0xe, 0x30, 0x7a, 0xac, 0xdf, 0xcc, 0x20,
    0x0, 0xe, 0x30, 0xb6, 0xc5, 0x11, 0x1e, 0x20,
    0x0, 0xe, 0x30, 0xf2, 0xc4, 0x0, 0xe, 0x20,
    0x0, 0xf, 0x26, 0xb0, 0xc6, 0x22, 0x2e, 0x20,
    0x4, 0xa9, 0xc, 0x30, 0xcd, 0xcc, 0xcf, 0x30,
    0x0, 0x0, 0x0, 0x0, 0x0, 0x0, 0x0, 0x0,

    /* U+6389 "掉" */
    0x0, 0xf, 0x40, 0x0, 0xd, 0x60, 0x0, 0x0,
    0x0, 0xf, 0x40, 0x0, 0xd, 0xdc, 0xcc, 0x70,
    0x0, 0xf, 0x40, 0x0, 0xd, 0x73, 0x33, 0x20,
    0x16, 0x5f, 0x85, 0x1, 0x1d, 0x61, 0x11, 0x0,
    0x2d, 0xdf, 0xed, 0x4f, 0xee, 0xee, 0xef, 0x30,
    0x0, 0xf, 0x40, 0x4e, 0x0, 0x0, 0xf, 0x30,
    0x0, 0xf, 0x67, 0x4f, 0xff, 0xff, 0xff, 0x30,
    0x5, 0x9f, 0xd7, 0x4e, 0x0, 0x0, 0xf, 0x30,
    0x1f, 0x9f, 0x40, 0x5f, 0xff, 0xff, 0xff, 0x30,
    0x1, 0xf, 0x40, 0x1, 0x1a, 0xa1, 0x11, 0x0,
    0x0, 0xf, 0x41, 0x11, 0x1a, 0xa1, 0x11, 0x20,
    0x0, 0xf, 0x4b, 0xee, 0xef, 0xfe, 0xee, 0xf4,
    0x0, 0xf, 0x30, 0x0, 0x9, 0x90, 0x0, 0x0,
    0xb, 0xff, 0x20, 0x0, 0x9, 0xa0, 0x0, 0x0,
    0x5, 0x73, 0x0, 0x0, 0xa, 0xb0, 0x0, 0x0,

    /* U+652F "支" */
    0x0, 0x0, 0x0, 0xe, 0x50, 0x0, 0x0, 0x0,
    0x33, 0x33, 0x33, 0xe7, 0x33, 0x33, 0x41, 0xa,
    0xed, 0xdd, 0xdf, 0xed, 0xdd, 0xde, 0x40, 0x0,
    0x0, 0x0, 0xd4, 0x0, 0x0, 0x0, 0x0, 0x0,
    0x0, 0xd, 0x40, 0x0, 0x0, 0x0, 0x4, 0xff,
    0xff, 0xff, 0xff, 0xd0, 0x0, 0x0, 0x0, 0x8a,
    0x0, 0x0, 0xc8, 0x0, 0x0, 0x0, 0x1, 0xf3,
    0x0, 0x5e, 0x0, 0x0, 0x0, 0x0, 0x7, 0xd1,
    0x1e, 0x50, 0x0, 0x0, 0x0, 0x0, 0xb, 0xcd,
    0x80, 0x0, 0x0, 0x0, 0x0, 0x0, 0x8f, 0xf6,
    0x0, 0x0, 0x0, 0x1, 0x59, 0xea, 0x25, 0xde,
    0x96, 0x42, 0xa, 0xfd, 0x82, 0x0, 0x0, 0x49,
    0xdf, 0x50, 0x1, 0x0, 0x0, 0x0, 0x0, 0x0,
    0x0,

    /* U+6548 "效" */
    0x0, 0x0, 0x0, 0x0, 0x0, 0x10, 0x0, 0x0,
    0x0, 0x6, 0xd0, 0x0, 0x0, 0xda, 0x0, 0x0,
    0x0, 0x1, 0xf3, 0x0, 0x1, 0xf3, 0x0, 0x0,
    0x28, 0x88, 0xa8, 0x88, 0x6, 0xd1, 0x11, 0x10,
    0x27, 0x77, 0x77, 0x77, 0xd, 0xee, 0xef, 0xe7,
    0x0, 0x7a, 0x7, 0x90, 0x4f, 0x10, 0x7c, 0x0,
    0x1, 0xe6, 0x3, 0xf5, 0xdb, 0x10, 0x7b, 0x0,
    0xc, 0xb0, 0x0, 0x8d, 0x8d, 0x60, 0x99, 0x0,
    0x2c, 0x51, 0x9, 0x71, 0x8, 0x90, 0xc6, 0x0,
    0x0, 0x8e, 0x3e, 0x50, 0x4, 0xe1, 0xf2, 0x0,
    0x0, 0x7, 0xfe, 0x0, 0x0, 0xfa, 0xd0, 0x0,
    0x0, 0x3, 0xff, 0x60, 0x0, 0x9f, 0x60, 0x0,
    0x0, 0x2e, 0x86, 0xf3, 0x2, 0xdf, 0x80, 0x0,
    0x6, 0xf9, 0x0, 0x40, 0x7f, 0x93, 0xea, 0x10,
    0x1c, 0x70, 0x0, 0x6e, 0xe5, 0x0, 0x3e, 0xf3,
    0x0, 0x0, 0x0, 0x18, 0x10, 0x0, 0x1, 0x50,

    /* U+6570 "数" */
    0x3, 0x50, 0xd6, 0x18, 0x6, 0xa0, 0x0, 0x0,
    0x3e, 0x2d, 0x57, 0xa0, 0x9a, 0x0, 0x0, 0x2,
    0x63, 0xc6, 0x84, 0xd, 0x50, 0x0, 0x0, 0xee,
    0xff, 0xfe, 0xe6, 0xfd, 0xcc, 0xc6, 0x0, 0x2e,
    0xe7, 0x50, 0x7d, 0x33, 0xc8, 0x20, 0x5e, 0x6c,
    0x8e, 0x5c, 0xc0, 0xd, 0x50, 0x2d, 0x41, 0xa4,
    0x48, 0xff, 0x0, 0xe3, 0x0, 0x0, 0x8b, 0x0,
    0x68, 0xd3, 0x1f, 0x0, 0x2f, 0xff, 0xff, 0xfb,
    0x9, 0x84, 0xd0, 0x0, 0x15, 0xd0, 0xc, 0x60,
    0x4e, 0xa8, 0x0, 0x0, 0xdc, 0x56, 0xe0, 0x0,
    0xdf, 0x20, 0x0, 0x1, 0x5b, 0xfe, 0x70, 0x1d,
    0xf4, 0x0, 0x0, 0x6, 0xe6, 0x49, 0x3d, 0x97,
    0xf5, 0x0, 0x9e, 0xb2, 0x0, 0xaf, 0x70, 0x7,
    0xf5, 0x3, 0x20, 0x0, 0x3, 0x10, 0x0, 0x2,
    0x0,

    /* U+6587 "文" */
    0x0, 0x0, 0x0, 0x1, 0x0, 0x0, 0x0, 0x0,
    0x0, 0x0, 0x0, 0xba, 0x0, 0x0, 0x0, 0x0,
    0x0, 0x0, 0x0, 0x3f, 0x30, 0x0, 0x0, 0x0,
    0x0, 0x0, 0x0, 0x9, 0x50, 0x0, 0x0, 0x0,
    0x2f, 0xff, 0xff, 0xff, 0xff, 0xff, 0xff, 0xf1,
    0x3, 0x34, 0xf5, 0x33, 0x33, 0xe9, 0x34, 0x40,
    0x0, 0x0, 0xe5, 0x0, 0x0, 0xf4, 0x0, 0x0,
    0x0, 0x0, 0x8a, 0x0, 0x5, 0xe0, 0x0, 0x0,
    0x0, 0x0, 0x2f, 0x20, 0xc, 0x90, 0x0, 0x0,
    0x0, 0x0, 0xa, 0xb0, 0x5f, 0x10, 0x0, 0x0,
    0x0, 0x0, 0x1, 0xe9, 0xe7, 0x0, 0x0, 0x0,
    0x0, 0x0, 0x0, 0x6f, 0xe0, 0x0, 0x0, 0x0,
    0x0, 0x0, 0x6, 0xf9, 0xcd, 0x40, 0x0, 0x0,
    0x0, 0x27, 0xee, 0x40, 0x8, 0xfd, 0x84, 0x10,
    0xc, 0xfd, 0x60, 0x0, 0x0, 0x17, 0xdf, 0xb0,
    0x3, 0x30, 0x0, 0x0, 0x0, 0x0, 0x2, 0x10,

    /* U+65B0 "新" */
    0x0, 0x0, 0xc5, 0x0, 0x0, 0x2, 0x48, 0x90,
    0x3, 0x43, 0xda, 0x44, 0x15, 0xfd, 0xba, 0x91,
    0xc, 0xee, 0xee, 0xee, 0x45, 0xd0, 0x0, 0x0,
    0x0, 0x74, 0x1, 0xb1, 0x5, 0xd0, 0x0, 0x0,
    0x0, 0x6a, 0x7, 0xa0, 0x5, 0xe3, 0x33, 0x31,
    0x2e, 0xdd, 0xdf, 0xed, 0x85, 0xfc, 0xdf, 0xc5,
    0x15, 0x44, 0xd9, 0x44, 0x35, 0xd0, 0x4e, 0x0,
    0x0, 0x0, 0xc6, 0x0, 0x5, 0xc0, 0x4e, 0x0,
    0xe, 0xff, 0xff, 0xff, 0x76, 0xb0, 0x4e, 0x0,
    0x3, 0x53, 0xd7, 0x33, 0x18, 0xa0, 0x4e, 0x0,
    0x0, 0xe8, 0xc6, 0xe3, 0xb, 0x70, 0x4e, 0x0,
    0x8, 0xe1, 0xc6, 0x8d, 0xf, 0x40, 0x4e, 0x0,
    0x3f, 0x30, 0xc6, 0x17, 0x5f, 0x0, 0x4e, 0x0,
    0x4, 0x29, 0xf5, 0x0, 0xd9, 0x0, 0x4f, 0x0,
    0x0, 0xc, 0xa0, 0x3, 0xd2, 0x0, 0x5f, 0x0,
    0x0, 0x0, 0x0, 0x0, 0x0, 0x0, 0x0, 0x0,

    /* U+65E0 "无" */
    0x0, 0x0, 0x0, 0x0, 0x0, 0x0, 0x0, 0x0,
    0x0, 0x5f, 0xff, 0xff, 0xff, 0xff, 0xf4, 0x0,
    0x0, 0x2, 0x21, 0x6e, 0x11, 0x11, 0x20, 0x0,
    0x0, 0x0, 0x0, 0x5e, 0x0, 0x0, 0x0, 0x0,
    0x0, 0x0, 0x0, 0x5e, 0x0, 0x0, 0x0, 0x0,
    0x0, 0x0, 0x0, 0x5d, 0x0, 0x0, 0x0, 0x0,
    0x8, 0xff, 0xff, 0xff, 0xff, 0xff, 0xff, 0xb0,
    0x0, 0x11, 0x11, 0xa9, 0x4e, 0x11, 0x11, 0x10,
    0x0, 0x0, 0x0, 0xe5, 0x4e, 0x0, 0x0, 0x0,
    0x0, 0x0, 0x4, 0xf0, 0x4e, 0x0, 0x0, 0x0,
    0x0, 0x0, 0x1d, 0x80, 0x4e, 0x0, 0x0, 0x0,
    0x0, 0x1, 0xcd, 0x0, 0x4e, 0x0, 0x5, 0xb0,
    0x0, 0x3d, 0xe2, 0x0, 0x3f, 0x42, 0x2a, 0xd0,
    0x9, 0xfc, 0x10, 0x0, 0xb, 0xff, 0xfe, 0x50,
    0x2, 0x60, 0x0, 0x0, 0x0, 0x0, 0x0, 0x0,

    /* U+65E5 "日" */
    0xef, 0xff, 0xff, 0xff, 0xff, 0x6e, 0x82, 0x22,
    0x22, 0x22, 0xf5, 0xe7, 0x0, 0x0, 0x0, 0xf,
    0x5e, 0x70, 0x0, 0x0, 0x0, 0xf5, 0xd7, 0x0,
    0x0, 0x0, 0xf, 0x5d, 0xff, 0xff, 0xff, 0xff,
    0xf5, 0xd7, 0x11, 0x11, 0x11, 0x1f, 0x5d, 0x70,
    0x0, 0x0, 0x0, 0xf5, 0xd7, 0x0, 0x0, 0x0,
    0xf, 0x5d, 0x70, 0x0, 0x0, 0x0, 0xf5, 0xe9,
    0x44, 0x44, 0x44, 0x5f, 0x5e, 0xec, 0xcc, 0xcc,
    0xcc, 0xf5, 0xe7, 0x0, 0x0, 0x0, 0xf, 0x60,

    /* U+65F6 "时" */
    0x0, 0x0, 0x0, 0x0, 0x0, 0xf, 0x60, 0x3,
    0x33, 0x33, 0x0, 0x0, 0x0, 0xf5, 0x0, 0xee,
    0xdd, 0xf3, 0x0, 0x0, 0xf, 0x50, 0xe, 0x60,
    0x1f, 0x36, 0x55, 0x55, 0xf9, 0x62, 0xe6, 0x1,
    0xf4, 0xcc, 0xbb, 0xbf, 0xdc, 0x4d, 0x83, 0x4f,
    0x20, 0x0, 0x0, 0xe5, 0x0, 0xde, 0xdd, 0xf2,
    0x6, 0x0, 0xe, 0x50, 0xd, 0x60, 0x1f, 0x22,
    0xf6, 0x0, 0xe5, 0x0, 0xd6, 0x1, 0xf2, 0x8,
    0xe0, 0xe, 0x50, 0xe, 0x71, 0x3f, 0x20, 0x18,
    0x10, 0xe5, 0x0, 0xef, 0xff, 0xf2, 0x0, 0x0,
    0xe, 0x50, 0xe, 0x60, 0x1f, 0x20, 0x0, 0x0,
    0xe5, 0x0, 0xe6, 0x0, 0x30, 0x0, 0x0, 0xf,
    0x50, 0x1, 0x0, 0x0, 0x0, 0x0, 0x8c, 0xf3,
    0x0, 0x0, 0x0, 0x0, 0x0, 0x4, 0x84, 0x0,
    0x0,

    /* U+662F "是" */
    0x0, 0x6f, 0xff, 0xff, 0xff, 0xff, 0x0, 0x0,
    0x5, 0xe1, 0x11, 0x11, 0x16, 0xe0, 0x0, 0x0,
    0x5f, 0xff, 0xff, 0xff, 0xfe, 0x0, 0x0, 0x5,
    0xe0, 0x0, 0x0, 0x5, 0xf0, 0x0, 0x0, 0x6f,
    0xee, 0xee, 0xee, 0xef, 0x0, 0x0, 0x0, 0x11,
    0x11, 0x11, 0x11, 0x10, 0x0, 0x9e, 0xee, 0xee,
    0xee, 0xee, 0xee, 0xef, 0x41, 0x21, 0x31, 0x15,
    0xe1, 0x11, 0x11, 0x20, 0x0, 0xf, 0x60, 0x4e,
    0x11, 0x12, 0x10, 0x0, 0x5, 0xf2, 0x4, 0xfe,
    0xee, 0xeb, 0x0, 0x0, 0xdf, 0xd3, 0x4e, 0x0,
    0x0, 0x0, 0x0, 0x9f, 0x27, 0xfe, 0xf5, 0x44,
    0x44, 0x54, 0x7f, 0x50, 0x1, 0x6a, 0xde, 0xff,
    0xff, 0x40, 0x30, 0x0, 0x0, 0x0, 0x0, 0x0,
    0x0,

    /* U+6700 "最" */
    0x0, 0xae, 0xdd, 0xdd, 0xdd, 0xdf, 0x0, 0x0,
    0xa, 0xb6, 0x66, 0x66, 0x69, 0xe0, 0x0, 0x0,
    0xab, 0x55, 0x55, 0x55, 0x8e, 0x0, 0x0, 0x9,
    0xdd, 0xdd, 0xdd, 0xdd, 0xd0, 0x0, 0x0, 0x0,
    0x0, 0x0, 0x0, 0x0, 0x0, 0xd, 0xff, 0xff,
    0xff, 0xff, 0xff, 0xff, 0xf0, 0x2, 0xe0, 0x2,
    0xe0, 0x0, 0x0, 0x0, 0x0, 0x2f, 0xee, 0xee,
    0x6f, 0xee, 0xf8, 0x0, 0x2, 0xe0, 0x2, 0xe0,
    0xc3, 0xd, 0x30, 0x0, 0x2f, 0xdd, 0xde, 0x6,
    0x93, 0xd0, 0x0, 0x2, 0xe2, 0x47, 0xfa, 0xc,
    0xe5, 0x0, 0x6, 0xed, 0xa7, 0x7f, 0x1, 0xca,
    0xc6, 0x10, 0x0, 0x0, 0x2, 0xf2, 0xd3, 0x2,
    0x89, 0x0, 0x0, 0x0, 0x0, 0x0, 0x0, 0x0,
    0x0,

    /* U+6708 "月" */
    0x0, 0x5f, 0xff, 0xff, 0xff, 0xff, 0x40, 0x5,
    0xe0, 0x0, 0x0, 0x0, 0xf3, 0x0, 0x4e, 0x0,
    0x0, 0x0, 0xf, 0x30, 0x4, 0xfb, 0xbb, 0xbb,
    0xbb, 0xf3, 0x0, 0x4e, 0x33, 0x33, 0x33, 0x3f,
    0x30, 0x4, 0xe0, 0x0, 0x0, 0x0, 0xf3, 0x0,
    0x5e, 0x0, 0x0, 0x0, 0xf, 0x30, 0x6, 0xff,
    0xff, 0xff, 0xff, 0xf3, 0x0, 0x8b, 0x0, 0x0,
    0x0, 0xf, 0x30, 0xc, 0x80, 0x0, 0x0, 0x0,
    0xf3, 0x3, 0xf2, 0x0, 0x0, 0x0, 0xf, 0x30,
    0xcb, 0x0, 0x0, 0x1, 0x57, 0xf2, 0x7e, 0x20,
    0x0, 0x0, 0xf, 0xea, 0x0, 0x0, 0x0, 0x0,
    0x0, 0x0, 0x0,

    /* U+671F "期" */
    0x0, 0xe6, 0x0, 0xf5, 0x0, 0x0, 0x0, 0x0,
    0xd, 0x50, 0xe, 0x50, 0xdf, 0xff, 0xf6, 0x2c,
    0xfd, 0xcc, 0xfd, 0x5d, 0x70, 0xe, 0x60, 0x2d,
    0x62, 0x2e, 0x71, 0xd7, 0x0, 0xe6, 0x0, 0xd7,
    0x33, 0xf5, 0xd, 0x83, 0x3e, 0x60, 0xd, 0xdb,
    0xbf, 0x50, 0xdd, 0xbb, 0xf6, 0x0, 0xd5, 0x0,
    0xe5, 0xd, 0x70, 0xe, 0x60, 0xd, 0xff, 0xff,
    0x50, 0xd7, 0x0, 0xe6, 0x0, 0xd5, 0x0, 0xe5,
    0xd, 0xdc, 0xcf, 0x68, 0xff, 0xff, 0xff, 0xf7,
    0xf4, 0x0, 0xe6, 0x0, 0x51, 0x2, 0x30, 0x3f,
    0x10, 0xe, 0x60, 0x3f, 0x40, 0x5f, 0x38, 0xd0,
    0x0, 0xe6, 0x2e, 0x60, 0x0, 0x99, 0xf6, 0x0,
    0xe, 0x53, 0x80, 0x0, 0x0, 0xad, 0x0, 0xe,
    0xf2, 0x0, 0x0, 0x0, 0x0, 0x20, 0x0, 0x41,
    0x0,

    /* U+672A "未" */
    0x0, 0x0, 0x0, 0xf, 0x50, 0x0, 0x0, 0x0,
    0x0, 0x0, 0x0, 0xe, 0x50, 0x0, 0x0, 0x0,
    0x0, 0x32, 0x22, 0x2e, 0x62, 0x22, 0x31, 0x0,
    0x0, 0xdd, 0xdd, 0xdf, 0xed, 0xdd, 0xe4, 0x0,
    0x0, 0x0, 0x0, 0xe, 0x50, 0x0, 0x0, 0x0,
    0x0, 0x0, 0x0, 0xe, 0x50, 0x0, 0x0, 0x0,
    0x2f, 0xff, 0xff, 0xff, 0xff, 0xff, 0xff, 0x90,
    0x1, 0x0, 0x5, 0xff, 0xf7, 0x0, 0x1, 0x0,
    0x0, 0x0, 0x1e, 0x7e, 0x8f, 0x40, 0x0, 0x0,
    0x0, 0x2, 0xda, 0xe, 0x57, 0xf4, 0x0, 0x0,
    0x0, 0x4e, 0xb0, 0xe, 0x50, 0x8f, 0x80, 0x0,
    0x19, 0xf9, 0x0, 0xe, 0x50, 0x6, 0xff, 0x90,
    0x1b, 0x50, 0x0, 0xf, 0x50, 0x0, 0x18, 0x60,
    0x0, 0x0, 0x0, 0xf, 0x60, 0x0, 0x0, 0x0,

    /* U+672B "末" */
    0x0, 0x0, 0x0, 0x5, 0xf0, 0x0, 0x0, 0x0,
    0x0, 0x0, 0x0, 0x4, 0xe0, 0x0, 0x0, 0x0,
    0x1, 0x32, 0x22, 0x26, 0xe2, 0x22, 0x23, 0x20,
    0x4, 0xee, 0xee, 0xee, 0xfe, 0xee, 0xee, 0xb0,
    0x0, 0x0, 0x0, 0x4, 0xe0, 0x0, 0x0, 0x0,
    0x0, 0x0, 0x0, 0x4, 0xe0, 0x0, 0x0, 0x0,
    0x0, 0x6e, 0xee, 0xee, 0xfe, 0xee, 0xec, 0x0,
    0x0, 0x12, 0x22, 0xbf, 0xff, 0x32, 0x33, 0x0,
    0x0, 0x0, 0x3, 0xf7, 0xea, 0x90, 0x0, 0x0,
    0x0, 0x0, 0x1e, 0x94, 0xe2, 0xf6, 0x0, 0x0,
    0x0, 0x2, 0xdc, 0x4, 0xe0, 0x6f, 0x70, 0x0,
    0x0, 0x4e, 0xd1, 0x4, 0xe0, 0x7, 0xfc, 0x30,
    0xa, 0xfc, 0x10, 0x4, 0xe0, 0x0, 0x6f, 0xf3,
    0x5, 0x80, 0x0, 0x4, 0xf0, 0x0, 0x2, 0x50,
    0x0, 0x0, 0x0, 0x5, 0xf0, 0x0, 0x0, 0x0,

    /* U+677F "板" */
    0x0, 0xe, 0x40, 0x0, 0x0, 0x3, 0x6b, 0x0,
    0x0, 0xd, 0x40, 0xb, 0xdf, 0xfd, 0xb9, 0x30,
    0x0, 0xd, 0x40, 0xe, 0x51, 0x0, 0x0, 0x0,
    0xb, 0xaf, 0xcb, 0x3d, 0x40, 0x0, 0x0, 0x0,
    0x6, 0x7f, 0x86, 0x1d, 0xdc, 0xcc, 0xcc, 0x0,
    0x0, 0x5f, 0x40, 0xe, 0xac, 0x33, 0x8d, 0x0,
    0x0, 0xaf, 0x96, 0xe, 0x5f, 0x0, 0x8a, 0x0,
    0x1, 0xff, 0xbe, 0xf, 0x2e, 0x30, 0xb7, 0x0,
    0x9, 0xad, 0x4d, 0x3f, 0x1a, 0x80, 0xf2, 0x0,
    0x3f, 0x3d, 0x40, 0x2e, 0x3, 0xe6, 0xd0, 0x0,
    0x39, 0xd, 0x40, 0x6b, 0x0, 0xcf, 0x50, 0x0,
    0x0, 0xd, 0x40, 0xb8, 0x0, 0xaf, 0x30, 0x0,
    0x0, 0xd, 0x43, 0xf2, 0x7, 0xe9, 0xf4, 0x0,
    0x0, 0xe, 0x5d, 0xa1, 0xbe, 0x30, 0x8f, 0x90,
    0x0, 0xe, 0x57, 0x18, 0xd2, 0x0, 0x6, 0x90,
    0x0, 0x0, 0x0, 0x0, 0x0, 0x0, 0x0, 0x0,

    /* U+6821 "校" */
    0x0, 0x0, 0x0, 0x0, 0x0, 0x10, 0x0, 0x0,
    0x0, 0xe, 0x50, 0x0, 0x7, 0xd0, 0x0, 0x0,
    0x0, 0xe, 0x50, 0x0, 0x0, 0xc2, 0x0, 0x0,
    0x0, 0xe, 0x50, 0xde, 0xee, 0xee, 0xee, 0xe1,
    0x1d, 0xcf, 0xda, 0x21, 0x11, 0x11, 0x11, 0x20,
    0x4, 0x6f, 0x73, 0x0, 0xd7, 0x2, 0xc3, 0x0,
    0x0, 0x7f, 0x50, 0xb, 0xd1, 0x0, 0x9f, 0x50,
    0x0, 0xdf, 0xb7, 0x7e, 0x20, 0x0, 0x9, 0xa0,
    0x4, 0xee, 0xae, 0x13, 0x90, 0x3, 0xd2, 0x0,
    0xc, 0x8e, 0x57, 0x0, 0xf4, 0xa, 0xc0, 0x0,
    0x4f, 0x2e, 0x50, 0x0, 0x8d, 0x3f, 0x30, 0x0,
    0x4, 0xe, 0x50, 0x0, 0xd, 0xf8, 0x0, 0x0,
    0x0, 0xe, 0x50, 0x0, 0x4e, 0xfa, 0x10, 0x0,
    0x0, 0xe, 0x50, 0x4a, 0xf7, 0x2d, 0xe9, 0x40,
    0x0, 0xe, 0x58, 0xfa, 0x20, 0x0, 0x6d, 0xb0,
    0x0, 0x0, 0x0, 0x10, 0x0, 0x0, 0x0, 0x0,

    /* U+683C "格" */
    0x0, 0xd, 0x60, 0x0, 0x98, 0x0, 0x0, 0x0,
    0x0, 0xc, 0x50, 0x0, 0xf6, 0x11, 0x11, 0x0,
    0x0, 0xc, 0x50, 0x7, 0xed, 0xdd, 0xfc, 0x0,
    0xd, 0xcf, 0xdc, 0x2e, 0xe0, 0x0, 0xe5, 0x0,
    0x4, 0x6f, 0x73, 0xc8, 0xa9, 0x8, 0xc0, 0x0,
    0x0, 0x7f, 0x71, 0x30, 0x1d, 0xbf, 0x20, 0x0,
    0x0, 0xcf, 0xe9, 0x0, 0xa, 0xfd, 0x20, 0x0,
    0x3, 0xed, 0x7d, 0x27, 0xea, 0x29, 0xfb, 0x61,
    0xa, 0x8c, 0x53, 0xfb, 0x40, 0x0, 0x2a, 0xe0,
    0x3f, 0x1c, 0x50, 0x1e, 0xff, 0xff, 0xfe, 0x0,
    0x37, 0xc, 0x50, 0xd, 0x60, 0x0, 0x6e, 0x0,
    0x0, 0xc, 0x50, 0xd, 0x60, 0x0, 0x6e, 0x0,
    0x0, 0xc, 0x50, 0xd, 0xdb, 0xbb, 0xde, 0x0,
    0x0, 0xd, 0x60, 0xe, 0x83, 0x33, 0x8e, 0x0,
    0x0, 0x1, 0x0, 0x0, 0x0, 0x0, 0x0, 0x0,

    /* U+6B62 "止" */
    0x0, 0x0, 0x0, 0x5, 0xf0, 0x0, 0x0, 0x0,
    0x0, 0x0, 0x0, 0x5f, 0x0, 0x0, 0x0, 0x0,
    0x6, 0x30, 0x4, 0xf0, 0x0, 0x0, 0x0, 0x0,
    0xe7, 0x0, 0x4f, 0x22, 0x22, 0x20, 0x0, 0xd,
    0x70, 0x4, 0xff, 0xff, 0xfd, 0x0, 0x0, 0xd7,
    0x0, 0x4f, 0x0, 0x0, 0x0, 0x0, 0xd, 0x70,
    0x4, 0xf0, 0x0, 0x0, 0x0, 0x0, 0xd7, 0x0,
    0x4f, 0x0, 0x0, 0x0, 0x0, 0xd, 0x70, 0x4,
    0xf0, 0x0, 0x0, 0x0, 0x0, 0xd7, 0x0, 0x4f,
    0x0, 0x0, 0x0, 0x0, 0xd, 0x70, 0x4, 0xf0,
    0x0, 0x0, 0x5, 0xdd, 0xfe, 0xdd, 0xef, 0xdd,
    0xdd, 0xdd, 0x15, 0x44, 0x44, 0x44, 0x44, 0x44,
    0x44, 0x50,

    /* U+6B63 "正" */
    0x1, 0x55, 0x55, 0x55, 0x55, 0x55, 0x56, 0x10,
    0x2c, 0xcc, 0xcc, 0xdf, 0xcc, 0xcc, 0xd2, 0x0,
    0x0, 0x0, 0x5, 0xe0, 0x0, 0x0, 0x0, 0x0,
    0x0, 0x0, 0x5e, 0x0, 0x0, 0x0, 0x0, 0xa,
    0x40, 0x5, 0xe0, 0x0, 0x0, 0x0, 0x0, 0xe6,
    0x0, 0x5f, 0x44, 0x44, 0x40, 0x0, 0xe, 0x60,
    0x5, 0xfc, 0xcc, 0xcb, 0x0, 0x0, 0xe6, 0x0,
    0x5e, 0x0, 0x0, 0x0, 0x0, 0xe, 0x60, 0x5,
    0xe0, 0x0, 0x0, 0x0, 0x0, 0xe6, 0x0, 0x5e,
    0x0, 0x0, 0x0, 0x0, 0xe, 0x60, 0x5, 0xe0,
    0x0, 0x0, 0x1, 0x43, 0xe8, 0x33, 0x7f, 0x33,
    0x33, 0x43, 0x4e, 0xee, 0xee, 0xee, 0xee, 0xee,
    0xee, 0xb0,

    /* U+6BB5 "段" */
    0x0, 0x0, 0x2, 0x0, 0x0, 0x0, 0x0, 0x0,
    0x0, 0x68, 0xcf, 0x50, 0xcf, 0xff, 0xf0, 0x0,
    0x0, 0xf8, 0x31, 0x0, 0xc6, 0x3, 0xe0, 0x0,
    0x0, 0xf4, 0x0, 0x0, 0xc5, 0x3, 0xe0, 0x0,
    0x0, 0xff, 0xff, 0x51, 0xf2, 0x3, 0xf8, 0x80,
    0x0, 0xf4, 0x1, 0xb, 0xb0, 0x1, 0xff, 0xe0,
    0x0, 0xf4, 0x0, 0x4, 0x42, 0x22, 0x23, 0x0,
    0x0, 0xff, 0xff, 0x58, 0xfb, 0xaa, 0xdc, 0x0,
    0x0, 0xf5, 0x12, 0x0, 0xc7, 0x0, 0xd8, 0x0,
    0x0, 0xf4, 0x0, 0x0, 0x7d, 0x2, 0xf2, 0x0,
    0x0, 0xf8, 0x9d, 0x80, 0x1f, 0x5a, 0xb0, 0x0,
    0x4f, 0xfd, 0xa6, 0x20, 0x8, 0xff, 0x30, 0x0,
    0x15, 0xf4, 0x0, 0x0, 0x1a, 0xfe, 0x40, 0x0,
    0x0, 0xf4, 0x0, 0x49, 0xfc, 0x4a, 0xfe, 0x92,
    0x0, 0xf4, 0x0, 0xcb, 0x40, 0x0, 0x3a, 0xe0,
    0x0, 0x0, 0x0, 0x0, 0x0, 0x0, 0x0, 0x0,

    /* U+6CD5 "法" */
    0x0, 0x20, 0x0, 0x0, 0xf, 0x60, 0x0, 0x0,
    0x2f, 0x80, 0x0, 0x0, 0xe5, 0x0, 0x0, 0x0,
    0x6f, 0xb0, 0x0, 0xe, 0x50, 0x0, 0x0, 0x0,
    0x33, 0x6f, 0xff, 0xff, 0xff, 0xf2, 0x5, 0x0,
    0x0, 0x0, 0xe, 0x50, 0x0, 0x1, 0xfc, 0x20,
    0x0, 0x0, 0xe5, 0x0, 0x0, 0x2, 0xde, 0x12,
    0x11, 0x1e, 0x61, 0x12, 0x20, 0x0, 0x35, 0xee,
    0xef, 0xfe, 0xee, 0xec, 0x0, 0x0, 0x0, 0x0,
    0xbc, 0x0, 0x0, 0x0, 0x0, 0x6b, 0x0, 0x3f,
    0x20, 0x20, 0x0, 0x0, 0x2f, 0x50, 0xc, 0x70,
    0xd, 0x90, 0x0, 0xc, 0xa0, 0x7, 0xc0, 0x0,
    0x3f, 0x60, 0x9, 0xf1, 0x7, 0xf9, 0x89, 0xab,
    0xef, 0x32, 0xe6, 0x0, 0x8b, 0x97, 0x64, 0x32,
    0xab, 0x1, 0x0, 0x0, 0x0, 0x0, 0x0, 0x1,
    0x0,

    /* U+6CE2 "波" */
    0x0, 0x20, 0x0, 0x0, 0x5, 0xd0, 0x0, 0x0,
    0x2, 0xfb, 0x20, 0x0, 0x5, 0xd0, 0x0, 0x0,
    0x0, 0x2c, 0xb1, 0xee, 0xee, 0xfe, 0xee, 0x70,
    0x0, 0x0, 0x10, 0xf4, 0x26, 0xd2, 0x3f, 0x40,
    0xb, 0x60, 0x0, 0xf2, 0x5, 0xd0, 0x2c, 0x10,
    0x7, 0xfc, 0x10, 0xf2, 0x5, 0xd0, 0x0, 0x0,
    0x0, 0x29, 0x0, 0xff, 0xff, 0xff, 0xfb, 0x0,
    0x0, 0x0, 0x1, 0xf4, 0xf2, 0x11, 0xe7, 0x0,
    0x0, 0x9, 0x93, 0xe0, 0xd4, 0x4, 0xf1, 0x0,
    0x0, 0x3f, 0x47, 0xb0, 0x7c, 0xc, 0x90, 0x0,
    0x0, 0xd9, 0xd, 0x60, 0xe, 0xbf, 0x10, 0x0,
    0xb, 0xd0, 0x5f, 0x10, 0x9, 0xf9, 0x0, 0x0,
    0x2f, 0x42, 0xe7, 0x1, 0xaf, 0x8f, 0xc5, 0x0,
    0x2, 0x1, 0x73, 0x9f, 0xa1, 0x1, 0x9f, 0xe1,
    0x0, 0x0, 0x1, 0x71, 0x0, 0x0, 0x0, 0x30,

    /* U+6D4B "测" */
    0x2, 0x30, 0x0, 0x0, 0x0, 0x0, 0x3, 0x90,
    0x7f, 0x72, 0xbb, 0xbb, 0xb0, 0x0, 0x4e, 0x0,
    0x5c, 0x3f, 0x44, 0x5f, 0x9, 0x24, 0xe0, 0x0,
    0x2, 0xe0, 0x52, 0xf0, 0xe3, 0x4e, 0x7, 0x10,
    0x2e, 0x1f, 0x3f, 0xe, 0x34, 0xe0, 0xbe, 0x32,
    0xe0, 0xf2, 0xf0, 0xe3, 0x4e, 0x0, 0xa6, 0x2e,
    0xf, 0x2f, 0xe, 0x34, 0xe0, 0x0, 0x2, 0xe1,
    0xf1, 0xf0, 0xe3, 0x4e, 0x0, 0x1b, 0x3e, 0x3e,
    0x1f, 0x1e, 0x34, 0xe0, 0x7, 0xe2, 0xa6, 0xc0,
    0xa0, 0xe3, 0x4e, 0x0, 0xd7, 0x0, 0xb8, 0x50,
    0xe, 0x34, 0xe0, 0x6e, 0x0, 0x3f, 0x5f, 0x60,
    0x0, 0x4e, 0x1e, 0x80, 0xc, 0xb0, 0x5f, 0x20,
    0x4, 0xe2, 0xc1, 0x9, 0xf2, 0x0, 0xb6, 0xc,
    0xec, 0x0, 0x0, 0x23, 0x0, 0x0, 0x0, 0x65,
    0x10,

    /* U+7279 "特" */
    0x0, 0x4, 0xf0, 0x0, 0x0, 0xe5, 0x0, 0x0,
    0x0, 0x3, 0xf0, 0x1, 0x22, 0xd6, 0x22, 0x10,
    0x7, 0xa3, 0xe0, 0x7, 0xee, 0xfe, 0xee, 0x80,
    0xa, 0x83, 0xe1, 0x0, 0x0, 0xd4, 0x0, 0x0,
    0xd, 0xef, 0xff, 0x80, 0x0, 0xd4, 0x0, 0x0,
    0x1f, 0x3, 0xe0, 0xf, 0xff, 0xff, 0xff, 0xf6,
    0x29, 0x3, 0xe0, 0x1, 0x0, 0x0, 0xe4, 0x10,
    0x0, 0x3, 0xf7, 0x60, 0x0, 0x0, 0xe3, 0x0,
    0x0, 0x5b, 0xfb, 0x3e, 0xff, 0xff, 0xff, 0xf4,
    0x1f, 0xea, 0xe0, 0x1, 0x11, 0x11, 0xe4, 0x10,
    0x4, 0x3, 0xe0, 0x0, 0xb3, 0x0, 0xe3, 0x0,
    0x0, 0x3, 0xe0, 0x0, 0xb9, 0x0, 0xe3, 0x0,
    0x0, 0x3, 0xe0, 0x0, 0x48, 0x0, 0xe3, 0x0,
    0x0, 0x3, 0xf0, 0x0, 0x0, 0x57, 0xf3, 0x0,
    0x0, 0x4, 0xf0, 0x0, 0x0, 0x7e, 0x90, 0x0,
    0x0, 0x0, 0x0, 0x0, 0x0, 0x0, 0x0, 0x0,

    /* U+72B6 "状" */
    0x0, 0x0, 0xe6, 0x0, 0x5, 0x80, 0x0, 0x0,
    0x0, 0x0, 0xd6, 0x0, 0x8, 0xe0, 0x80, 0x0,
    0x16, 0x0, 0xd6, 0x0, 0x8, 0xc0, 0xbc, 0x0,
    0x2e, 0x60, 0xd6, 0x0, 0x7, 0xc0, 0xb, 0x30,
    0x4, 0xf1, 0xd6, 0x11, 0x18, 0xc1, 0x11, 0x20,
    0x0, 0x30, 0xd6, 0xcf, 0xff, 0xff, 0xff, 0xe0,
    0x0, 0x0, 0xe6, 0x0, 0x9, 0xf0, 0x0, 0x0,
    0x0, 0x8, 0xf6, 0x0, 0xc, 0xf3, 0x0, 0x0,
    0x0, 0x6e, 0xe6, 0x0, 0xf, 0xd8, 0x0, 0x0,
    0x6, 0xf3, 0xd6, 0x0, 0x4e, 0x6d, 0x0, 0x0,
    0x2f, 0x60, 0xd6, 0x0, 0xb9, 0x1f, 0x40, 0x0,
    0x2, 0x0, 0xd6, 0x4, 0xf3, 0x9, 0xd0, 0x0,
    0x0, 0x0, 0xe6, 0x1d, 0xa0, 0x0, 0xec, 0x10,
    0x0, 0x0, 0xe8, 0xce, 0x10, 0x0, 0x4f, 0xd0,
    0x0, 0x0, 0xe9, 0xc3, 0x0, 0x0, 0x4, 0x30,

    /* U+7387 "率" */
    0x0, 0x0, 0x0, 0x5, 0x60, 0x0, 0x0, 0x0,
    0x0, 0x21, 0x11, 0x18, 0xe1, 0x11, 0x11, 0x10,
    0x2, 0xdd, 0xcc, 0xcd, 0xcc, 0xcc, 0xcd, 0xa0,
    0x0, 0x42, 0x0, 0x7e, 0x12, 0x0, 0x7, 0x0,
    0x0, 0x8f, 0x56, 0xd2, 0x3f, 0x82, 0xdb, 0x20,
    0x0, 0x4, 0x1f, 0xff, 0xf8, 0x1, 0x80, 0x0,
    0x0, 0x0, 0x23, 0x2d, 0x83, 0x40, 0x70, 0x0,
    0x0, 0x3d, 0x92, 0xc7, 0x7, 0xe3, 0xdc, 0x10,
    0x6, 0xf6, 0xf, 0xfe, 0xfc, 0xea, 0xb, 0x80,
    0x0, 0x30, 0x2, 0x7, 0xc0, 0x22, 0x0, 0x0,
    0x2e, 0xdd, 0xdd, 0xde, 0xfd, 0xdd, 0xdd, 0xe3,
    0x2, 0x11, 0x11, 0x18, 0xc1, 0x11, 0x11, 0x20,
    0x0, 0x0, 0x0, 0x7, 0xc0, 0x0, 0x0, 0x0,
    0x0, 0x0, 0x0, 0x7, 0xc0, 0x0, 0x0, 0x0,
    0x0, 0x0, 0x0, 0x8, 0xd0, 0x0, 0x0, 0x0,

    /* U+7528 "用" */
    0x0, 0x5f, 0xff, 0xff, 0xff, 0xff, 0xff, 0x0,
    0x4e, 0x0, 0x5, 0xe0, 0x0, 0x5f, 0x0, 0x4e,
    0x0, 0x5, 0xe0, 0x0, 0x5e, 0x0, 0x4f, 0xee,
    0xee, 0xfe, 0xee, 0xee, 0x0, 0x4e, 0x0, 0x5,
    0xe0, 0x0, 0x5e, 0x0, 0x4e, 0x0, 0x5, 0xe0,
    0x0, 0x5e, 0x0, 0x4e, 0x0, 0x5, 0xe0, 0x0,
    0x5e, 0x0, 0x5f, 0xff, 0xff, 0xff, 0xff, 0xfe,
    0x0, 0x6d, 0x0, 0x5, 0xe0, 0x0, 0x5e, 0x0,
    0x8a, 0x0, 0x5, 0xe0, 0x0, 0x5e, 0x0, 0xd6,
    0x0, 0x5, 0xe0, 0x0, 0x5e, 0x3, 0xf1, 0x0,
    0x5, 0xf0, 0x3, 0x8d, 0xc, 0xa0, 0x0, 0x5,
    0xd0, 0xb, 0xf6, 0x1, 0x10, 0x0, 0x0, 0x0,
    0x1, 0x0,

    /* U+7535 "电" */
    0x0, 0x0, 0x5, 0xf0, 0x0, 0x0, 0x0, 0x0,
    0x0, 0x0, 0x5f, 0x0, 0x0, 0x0, 0x0, 0x2,
    0x22, 0x26, 0xf2, 0x22, 0x22, 0x0, 0x5, 0xfe,
    0xee, 0xef, 0xee, 0xee, 0xf0, 0x0, 0x5f, 0x10,
    0x5, 0xf0, 0x0, 0x4f, 0x0, 0x5, 0xf1, 0x0,
    0x5f, 0x0, 0x4, 0xf0, 0x0, 0x5f, 0xff, 0xff,
    0xff, 0xff, 0xff, 0x0, 0x5, 0xf1, 0x0, 0x5f,
    0x0, 0x4, 0xf0, 0x0, 0x5f, 0x10, 0x5, 0xf0,
    0x0, 0x4f, 0x0, 0x5, 0xf5, 0x44, 0x8f, 0x44,
    0x47, 0xf0, 0x0, 0x5f, 0xcc, 0xcd, 0xfc, 0xcc,
    0xcc, 0x0, 0x5, 0xf0, 0x0, 0x5f, 0x0, 0x0,
    0x0, 0x0, 0x0, 0x0, 0x5, 0xf0, 0x0, 0x0,
    0x1e, 0x30, 0x0, 0x0, 0x3f, 0x52, 0x22, 0x28,
    0xf1, 0x0, 0x0, 0x0, 0xbe, 0xff, 0xff, 0xe8,
    0x0,

    /* U+7684 "的" */
    0x0, 0x0, 0x0, 0x0, 0x0, 0x0, 0x0, 0x0,
    0x1c, 0x20, 0x0, 0x2c, 0x30, 0x0, 0x0, 0x4f,
    0x0, 0x0, 0x6f, 0x0, 0x0, 0x0, 0x6a, 0x0,
    0x0, 0xca, 0x33, 0x33, 0x4f, 0xff, 0xff, 0x42,
    0xfe, 0xee, 0xff, 0x4e, 0x11, 0x1e, 0x4a, 0xc0,
    0x0, 0x3f, 0x4e, 0x0, 0xe, 0x8f, 0x30, 0x0,
    0x3e, 0x4e, 0x0, 0xe, 0x55, 0x46, 0x0, 0x4e,
    0x4f, 0xee, 0xef, 0x40, 0x6f, 0x10, 0x4d, 0x4e,
    0x22, 0x2e, 0x40, 0xe, 0x70, 0x4d, 0x4e, 0x0,
    0xe, 0x40, 0x8, 0xd0, 0x5c, 0x4e, 0x0, 0xe,
    0x40, 0x1, 0x10, 0x6b, 0x4e, 0x11, 0x1e, 0x40,
    0x0, 0x0, 0x7a, 0x4f, 0xff, 0xff, 0x40, 0x0,
    0x0, 0xa8, 0x5e, 0x0, 0xd, 0x40, 0x4, 0xce,
    0xd2, 0x0, 0x0, 0x0, 0x0, 0x0, 0x63, 0x0,

    /* U+76EE "目" */
    0x5f, 0xff, 0xff, 0xff, 0xff, 0xf6, 0x5f, 0x0,
    0x0, 0x0, 0x0, 0xf6, 0x5f, 0x0, 0x0, 0x0,
    0x0, 0xf6, 0x5f, 0x44, 0x44, 0x44, 0x44, 0xf6,
    0x5f, 0xbb, 0xbb, 0xbb, 0xbb, 0xf6, 0x5f, 0x0,
    0x0, 0x0, 0x0, 0xf6, 0x5f, 0x0, 0x0, 0x0,
    0x0, 0xf6, 0x5f, 0xee, 0xee, 0xee, 0xee, 0xf6,
    0x5f, 0x11, 0x11, 0x11, 0x11, 0xf6, 0x5f, 0x0,
    0x0, 0x0, 0x0, 0xf6, 0x5f, 0x0, 0x0, 0x0,
    0x0, 0xf6, 0x5f, 0xff, 0xff, 0xff, 0xff, 0xf6,
    0x5e, 0x0, 0x0, 0x0, 0x0, 0xf6,

    /* U+79D2 "秒" */
    0x0, 0x0, 0x3, 0x10, 0x0, 0xe4, 0x0, 0x0,
    0x2, 0x58, 0xcf, 0x80, 0x0, 0xe4, 0x0, 0x0,
    0x7, 0xb9, 0xe0, 0x0, 0x0, 0xd4, 0x0, 0x0,
    0x0, 0x3, 0xe0, 0x0, 0xd3, 0xd4, 0xaa, 0x0,
    0x3, 0x35, 0xe2, 0x23, 0xf1, 0xd4, 0x3f, 0x60,
    0x1f, 0xef, 0xfe, 0xb5, 0xd0, 0xd4, 0x7, 0xf2,
    0x0, 0xa, 0xe0, 0x9, 0xa0, 0xd4, 0x0, 0x50,
    0x0, 0xe, 0xe5, 0x5d, 0x70, 0xd4, 0x9, 0x20,
    0x0, 0x6f, 0xe6, 0xe1, 0x0, 0xe4, 0x5f, 0x40,
    0x1, 0xeb, 0xe0, 0xc3, 0x0, 0x93, 0xca, 0x0,
    0xb, 0xe4, 0xe0, 0x0, 0x0, 0x8, 0xf2, 0x0,
    0x1e, 0x54, 0xe0, 0x0, 0x0, 0x5f, 0x50, 0x0,
    0x1, 0x4, 0xe0, 0x0, 0x19, 0xf6, 0x0, 0x0,
    0x0, 0x4, 0xe0, 0x9c, 0xfc, 0x30, 0x0, 0x0,
    0x0, 0x5, 0xf0, 0x8a, 0x40, 0x0, 0x0, 0x0,

    /* U+7A7A "空" */
    0x0, 0x0, 0x0, 0x1, 0x0, 0x0, 0x0, 0x0,
    0x0, 0x0, 0xa, 0xd0, 0x0, 0x0, 0x0, 0x0,
    0x0, 0x0, 0x4e, 0x20, 0x0, 0x0, 0x6, 0xff,
    0xff, 0xff, 0xff, 0xff, 0xff, 0x70, 0x6e, 0x22,
    0x32, 0x22, 0x22, 0x22, 0xe7, 0x6, 0xe0, 0x3e,
    0x60, 0x2, 0xa3, 0xc, 0x60, 0x0, 0x6f, 0xc2,
    0x0, 0x2b, 0xfb, 0x30, 0x4, 0xcf, 0x60, 0x0,
    0x0, 0x4, 0xdf, 0x80, 0x2a, 0x20, 0x0, 0x0,
    0x0, 0x0, 0x71, 0x0, 0xf, 0xff, 0xff, 0xff,
    0xff, 0xf4, 0x0, 0x0, 0x32, 0x11, 0x8e, 0x11,
    0x22, 0x10, 0x0, 0x0, 0x0, 0x7, 0xe0, 0x0,
    0x0, 0x0, 0x0, 0x0, 0x0, 0x7e, 0x0, 0x0,
    0x0, 0x2, 0x11, 0x11, 0x17, 0xe1, 0x11, 0x11,
    0x11, 0xef, 0xff, 0xff, 0xff, 0xff, 0xff, 0xff,
    0xa1, 0x0, 0x0, 0x0, 0x0, 0x0, 0x0, 0x1,

    /* U+7B49 "等" */
    0x0, 0x2, 0x0, 0x0, 0x0, 0x0, 0x0, 0x0,
    0x0, 0x6f, 0x20, 0x0, 0x5, 0xf3, 0x0, 0x0,
    0x0, 0xef, 0xee, 0xee, 0x3e, 0xfd, 0xdd, 0xd6,
    0xb, 0xd0, 0x6e, 0x1, 0xbc, 0x11, 0xe6, 0x10,
    0x7, 0x20, 0x16, 0x1c, 0x80, 0x0, 0x78, 0x0,
    0x0, 0x6d, 0xdd, 0xdf, 0xed, 0xdd, 0xd4, 0x0,
    0x0, 0x11, 0x11, 0x1c, 0x81, 0x11, 0x20, 0x0,
    0x0, 0x0, 0x0, 0xc, 0x70, 0x0, 0x0, 0x0,
    0x9f, 0xff, 0xff, 0xff, 0xff, 0xff, 0xff, 0xf7,
    0x0, 0x0, 0x0, 0x0, 0x0, 0x6e, 0x0, 0x0,
    0x0, 0x32, 0x22, 0x22, 0x22, 0x8e, 0x22, 0x10,
    0x1, 0xed, 0xdd, 0xdd, 0xdd, 0xef, 0xde, 0x70,
    0x0, 0x1, 0xc3, 0x0, 0x0, 0x6e, 0x0, 0x0,
    0x0, 0x0, 0x9d, 0x10, 0x0, 0x7e, 0x0, 0x0,
    0x0, 0x0, 0x7, 0x0, 0x59, 0xdc, 0x0, 0x0,
    0x0, 0x0, 0x0, 0x0, 0x3a, 0x71, 0x0, 0x0,

    /* U+8282 "节" */
    0x0, 0x0, 0x1f, 0x30, 0x8, 0xd0, 0x0, 0x0,
    0x0, 0x0, 0x1f, 0x30, 0x8, 0xd0, 0x0, 0x0,
    0x2f, 0xff, 0xff, 0xff, 0xff, 0xff, 0xff, 0xf1,
    0x3, 0x21, 0x2f, 0x41, 0x19, 0xd1, 0x12, 0x20,
    0x0, 0x0, 0x1f, 0x30, 0x8, 0xd0, 0x0, 0x0,
    0x1, 0x21, 0x25, 0x21, 0x13, 0x41, 0x11, 0x0,
    0x9, 0xff, 0xff, 0xff, 0xff, 0xff, 0xff, 0x20,
    0x0, 0x0, 0x0, 0xf5, 0x0, 0x0, 0x4f, 0x10,
    0x0, 0x0, 0x0, 0xf5, 0x0, 0x0, 0x5f, 0x0,
    0x0, 0x0, 0x0, 0xf5, 0x0, 0x0, 0x5f, 0x0,
    0x0, 0x0, 0x0, 0xf5, 0x0, 0x0, 0x7e, 0x0,
    0x0, 0x0, 0x0, 0xf5, 0x0, 0x9b, 0xfa, 0x0,
    0x0, 0x0, 0x0, 0xf5, 0x0, 0x9c, 0x81, 0x0,
    0x0, 0x0, 0x0, 0xf5, 0x0, 0x0, 0x0, 0x0,
    0x0, 0x0, 0x0, 0xf5, 0x0, 0x0, 0x0, 0x0,

    /* U+8BD5 "试" */
    0x0, 0x0, 0x0, 0x0, 0x0, 0x20, 0x0, 0x0,
    0x0, 0x60, 0x0, 0x0, 0x0, 0xf5, 0x8a, 0x0,
    0x1, 0xe9, 0x0, 0x0, 0x0, 0xf4, 0x2e, 0x80,
    0x0, 0x2e, 0x30, 0x0, 0x0, 0xf4, 0x4, 0x20,
    0x0, 0x1, 0x1d, 0xcc, 0xcc, 0xfd, 0xcc, 0xb0,
    0x2, 0x22, 0x4, 0x33, 0x33, 0xd8, 0x33, 0x30,
    0xf, 0xff, 0x0, 0x0, 0x0, 0xb7, 0x0, 0x0,
    0x0, 0x3e, 0x4, 0xdc, 0xc6, 0x99, 0x0, 0x0,
    0x0, 0x3e, 0x1, 0x4f, 0x72, 0x7b, 0x0, 0x0,
    0x0, 0x3e, 0x0, 0xe, 0x30, 0x4f, 0x0, 0x0,
    0x0, 0x3e, 0x0, 0xe, 0x30, 0x1f, 0x30, 0x0,
    0x0, 0x3e, 0x5c, 0xe, 0x31, 0xc, 0x70, 0x10,
    0x0, 0x3f, 0xf5, 0x4f, 0xde, 0x7, 0xd0, 0xe4,
    0x0, 0x8f, 0x39, 0xfa, 0x51, 0x0, 0xea, 0xf4,
    0x0, 0x23, 0x0, 0x0, 0x0, 0x0, 0x5f, 0xe0,
    0x0, 0x0, 0x0, 0x0, 0x0, 0x0, 0x2, 0x10,

    /* U+8BF7 "请" */
    0x0, 0x41, 0x0, 0x0, 0x3, 0xf0, 0x0, 0x0,
    0x0, 0xad, 0x10, 0xbb, 0xbc, 0xfb, 0xbb, 0xa0,
    0x0, 0xb, 0xc0, 0x33, 0x35, 0xf3, 0x33, 0x30,
    0x0, 0x1, 0x30, 0x8d, 0xdd, 0xfd, 0xdd, 0x70,
    0x0, 0x0, 0x0, 0x0, 0x3, 0xf0, 0x0, 0x0,
    0x2e, 0xdd, 0x6, 0xdc, 0xcd, 0xfc, 0xcc, 0xd6,
    0x3, 0x6e, 0x1, 0x22, 0x22, 0x22, 0x22, 0x21,
    0x0, 0x3e, 0x0, 0x3f, 0xff, 0xff, 0xff, 0x0,
    0x0, 0x3e, 0x0, 0x2f, 0x0, 0x0, 0x3f, 0x0,
    0x0, 0x3e, 0x0, 0x2f, 0xee, 0xee, 0xef, 0x0,
    0x0, 0x3e, 0x1a, 0x2f, 0x0, 0x0, 0x3f, 0x0,
    0x0, 0x4f, 0xe7, 0x2f, 0xee, 0xee, 0xef, 0x0,
    0x0, 0x9e, 0x30, 0x2f, 0x0, 0x0, 0x3f, 0x0,
    0x0, 0x12, 0x0, 0x3f, 0x0, 0x1, 0xec, 0x0,
    0x0, 0x0, 0x0, 0x0, 0x0, 0x0, 0x0, 0x0,

    /* U+8BFB "读" */
    0x0, 0x60, 0x0, 0x0, 0x5, 0xd0, 0x0, 0x0,
    0x1, 0xe9, 0x0, 0x11, 0x5, 0xd0, 0x1, 0x0,
    0x0, 0x3f, 0x20, 0xde, 0xee, 0xfe, 0xee, 0x80,
    0x0, 0x3, 0x0, 0x0, 0x5, 0xd0, 0x0, 0x0,
    0x2, 0x11, 0x6, 0xdd, 0xde, 0xfd, 0xdd, 0xa0,
    0x2e, 0xef, 0x1, 0x28, 0x11, 0x43, 0x1c, 0x70,
    0x0, 0x3f, 0x0, 0x1c, 0xd3, 0xa8, 0xe, 0x10,
    0x0, 0x3f, 0x1, 0x91, 0x85, 0xb6, 0x0, 0x0,
    0x0, 0x3f, 0x2, 0xbf, 0x40, 0xc4, 0x0, 0x0,
    0x0, 0x3f, 0x1, 0x28, 0x31, 0xe4, 0x11, 0x20,
    0x0, 0x3f, 0x48, 0xee, 0xee, 0xfe, 0xee, 0xf1,
    0x0, 0x3f, 0xe4, 0x0, 0xa, 0x93, 0x0, 0x0,
    0x0, 0x6f, 0x60, 0x0, 0x9d, 0x1b, 0xd3, 0x0,
    0x0, 0x78, 0x2, 0x7e, 0xb1, 0x0, 0x7f, 0x70,
    0x0, 0x0, 0x1, 0xa4, 0x0, 0x0, 0x4, 0x40,

    /* U+8D25 "败" */
    0x0, 0x0, 0x0, 0x0, 0x0, 0x0, 0x0, 0x0,
    0x0, 0x0, 0x0, 0x0, 0x0, 0xb7, 0x0, 0x0,
    0x3, 0xcc, 0xcc, 0xcb, 0x0, 0xf4, 0x0, 0x0,
    0x3, 0xe3, 0x33, 0x4f, 0x3, 0xe0, 0x0, 0x0,
    0x3, 0xe0, 0x72, 0x2e, 0x8, 0xff, 0xff, 0xf6,
    0x3, 0xe0, 0xe4, 0x2e, 0xe, 0x40, 0x2e, 0x0,
    0x3, 0xe0, 0xe3, 0x2e, 0x5f, 0x50, 0x4c, 0x0,
    0x3, 0xe0, 0xe2, 0x2e, 0xac, 0x70, 0x5a, 0x0,
    0x3, 0xe0, 0xe2, 0x2e, 0x4, 0xb0, 0x88, 0x0,
    0x3, 0xe0, 0xf0, 0x2f, 0x0, 0xe0, 0xb5, 0x0,
    0x3, 0xe2, 0xe0, 0x2f, 0x0, 0xb7, 0xf1, 0x0,
    0x0, 0x7, 0x96, 0x20, 0x0, 0x4f, 0xa0, 0x0,
    0x0, 0x2e, 0x39, 0xe2, 0x0, 0x5f, 0x80, 0x0,
    0x2, 0xe8, 0x0, 0x9e, 0x7, 0xe6, 0xe8, 0x0,
    0xd, 0x90, 0x0, 0x6, 0xdd, 0x20, 0x2d, 0xd3,
    0x1, 0x0, 0x0, 0x1, 0x70, 0x0, 0x0, 0x60,

    /* U+8D70 "走" */
    0x0, 0x0, 0x0, 0xe, 0x60, 0x0, 0x0, 0x0,
    0x0, 0x0, 0x0, 0xd, 0x50, 0x0, 0x0, 0x0,
    0x0, 0x5f, 0xee, 0xef, 0xfe, 0xee, 0xf4, 0x0,
    0x0, 0x13, 0x22, 0x2d, 0x72, 0x22, 0x30, 0x0,
    0x0, 0x0, 0x0, 0xd, 0x50, 0x0, 0x0, 0x0,
    0x3, 0x32, 0x22, 0x2d, 0x72, 0x22, 0x33, 0x10,
    0x3e, 0xee, 0xee, 0xef, 0xee, 0xee, 0xee, 0x50,
    0x0, 0x0, 0x0, 0xd, 0x50, 0x0, 0x0, 0x0,
    0x0, 0x7, 0xe0, 0xd, 0x72, 0x23, 0x30, 0x0,
    0x0, 0x8, 0xa0, 0xd, 0xee, 0xee, 0xe3, 0x0,
    0x0, 0xb, 0xc0, 0xd, 0x50, 0x0, 0x0, 0x0,
    0x0, 0x1f, 0xdb, 0x1d, 0x50, 0x0, 0x0, 0x0,
    0x0, 0xaa, 0xa, 0xff, 0x84, 0x33, 0x45, 0x50,
    0xb, 0xd1, 0x0, 0x39, 0xdf, 0xff, 0xff, 0x80,
    0x4, 0x10, 0x0, 0x0, 0x0, 0x0, 0x0, 0x0,

    /* U+8DEF "路" */
    0x0, 0x0, 0x0, 0x0, 0x8, 0x40, 0x0, 0x0,
    0x0, 0xaa, 0xaa, 0x90, 0x1f, 0x42, 0x22, 0x10,
    0x0, 0xf5, 0x46, 0xe0, 0x8d, 0xcc, 0xdf, 0x30,
    0x0, 0xf0, 0x2, 0xe1, 0xf7, 0x0, 0x8b, 0x0,
    0x0, 0xf3, 0x24, 0xea, 0x8d, 0x42, 0xe2, 0x0,
    0x0, 0xcc, 0xfd, 0xb1, 0x2, 0xed, 0x70, 0x0,
    0x0, 0x0, 0xe3, 0x0, 0x3, 0xdf, 0xa1, 0x0,
    0x1, 0x90, 0xe3, 0x4, 0xae, 0x60, 0x9f, 0xa3,
    0x2, 0xe0, 0xef, 0xda, 0xc5, 0x44, 0x47, 0xa2,
    0x2, 0xe0, 0xe4, 0x10, 0xec, 0xbb, 0xcf, 0x0,
    0x2, 0xe0, 0xe3, 0x0, 0xe2, 0x0, 0x3e, 0x0,
    0x2, 0xe1, 0xea, 0xc6, 0xe2, 0x0, 0x3e, 0x0,
    0xa, 0xfe, 0xa6, 0x10, 0xef, 0xff, 0xfe, 0x0,
    0x7, 0x40, 0x0, 0x0, 0xe2, 0x0, 0x3f, 0x0,
    0x0, 0x0, 0x0, 0x0, 0x0, 0x0, 0x0, 0x0,

    /* U+8F7D "载" */
    0x0, 0x0, 0x0, 0x0, 0x0, 0x0, 0x0, 0x0,
    0x0, 0x0, 0xc7, 0x0, 0xf, 0x23, 0x70, 0x0,
    0x6, 0xbb, 0xed, 0xbb, 0x1f, 0x21, 0xe8, 0x0,
    0x2, 0x33, 0xc8, 0x34, 0xf, 0x10, 0x33, 0x0,
    0x13, 0x33, 0xc8, 0x33, 0x3e, 0x53, 0x33, 0x40,
    0x4c, 0xbb, 0xdb, 0xbb, 0xbf, 0xcb, 0xbb, 0xc0,
    0x0, 0x4, 0xf3, 0x0, 0xc, 0x40, 0x31, 0x0,
    0xe, 0xff, 0xff, 0xff, 0x5a, 0x60, 0xc9, 0x0,
    0x1, 0x8c, 0x36, 0x1, 0x8, 0x80, 0xf3, 0x0,
    0x4, 0xe1, 0x5d, 0x0, 0x5, 0xb5, 0xc0, 0x0,
    0x7, 0xff, 0xff, 0xff, 0x21, 0xfd, 0x50, 0x0,
    0x0, 0x0, 0x5d, 0x0, 0x0, 0xcd, 0x0, 0x0,
    0x4, 0x57, 0xaf, 0xdf, 0x31, 0xee, 0x0, 0x30,
    0xf, 0xeb, 0xbd, 0x20, 0x1d, 0x9b, 0x95, 0xe0,
    0x1, 0x0, 0x5d, 0x2, 0xdb, 0x1, 0xef, 0x80,
    0x0, 0x0, 0x5d, 0x5, 0xa0, 0x0, 0x28, 0x0,

    /* U+8FD4 "返" */
    0x0, 0x53, 0x0, 0x0, 0x0, 0x1, 0x45, 0x0,
    0x0, 0xba, 0x0, 0x5b, 0xbd, 0xff, 0xff, 0x30,
    0x0, 0x5f, 0x10, 0x7d, 0x54, 0x32, 0x10, 0x0,
    0x0, 0x9, 0x10, 0x6c, 0x0, 0x0, 0x0, 0x0,
    0x0, 0x0, 0x0, 0x6e, 0xaa, 0xaa, 0xa8, 0x0,
    0x3, 0x33, 0x0, 0x6d, 0x55, 0x55, 0xca, 0x0,
    0xc, 0xdf, 0x10, 0x7b, 0x6, 0x0, 0xd6, 0x0,
    0x0, 0x3f, 0x10, 0x9a, 0x3e, 0xc4, 0xf1, 0x0,
    0x0, 0x3f, 0x10, 0xd7, 0x1, 0xbf, 0xb0, 0x0,
    0x0, 0x3f, 0x13, 0xf2, 0x0, 0x8f, 0xf6, 0x0,
    0x0, 0x3f, 0x1d, 0xb0, 0x3b, 0xe3, 0x7f, 0x60,
    0x0, 0x4f, 0x58, 0x21, 0xd9, 0x10, 0x6, 0x10,
    0x5, 0xfa, 0xcc, 0x85, 0x43, 0x33, 0x45, 0x63,
    0xc, 0x70, 0x3, 0x8b, 0xdf, 0xff, 0xff, 0xf2,
    0x0, 0x0, 0x0, 0x0, 0x0, 0x0, 0x0, 0x0,

    /* U+8FDB "进" */
    0x0, 0x61, 0x0, 0x4, 0xe0, 0xf, 0x40, 0x0,
    0x0, 0xd9, 0x0, 0x3, 0xf0, 0xf, 0x30, 0x0,
    0x0, 0x6f, 0x2, 0x35, 0xf2, 0x2f, 0x53, 0x20,
    0x0, 0x9, 0x1b, 0xfe, 0xfe, 0xef, 0xee, 0xc0,
    0x0, 0x0, 0x0, 0x4, 0xe0, 0xf, 0x30, 0x0,
    0xb, 0xaa, 0x0, 0x5, 0xd0, 0xf, 0x30, 0x0,
    0x8, 0x9f, 0x4, 0x38, 0xc3, 0x3f, 0x63, 0x40,
    0x0, 0x4e, 0xe, 0xde, 0xfd, 0xdf, 0xed, 0xe1,
    0x0, 0x4e, 0x0, 0xa, 0x80, 0xf, 0x30, 0x0,
    0x0, 0x4e, 0x0, 0xe, 0x40, 0xf, 0x30, 0x0,
    0x0, 0x4e, 0x0, 0x6e, 0x0, 0xf, 0x30, 0x0,
    0x0, 0x5f, 0x24, 0xf6, 0x0, 0xf, 0x40, 0x0,
    0x19, 0xd8, 0xcd, 0xe5, 0x43, 0x3c, 0x63, 0x41,
    0x9, 0x0, 0x3, 0x7b, 0xdf, 0xff, 0xff, 0xf2,
    0x0, 0x0, 0x0, 0x0, 0x0, 0x0, 0x0, 0x0,

    /* U+9001 "送" */
    0x0, 0x20, 0x0, 0x55, 0x0, 0x8, 0x50, 0x0,
    0x2, 0xf5, 0x0, 0x4f, 0x30, 0xf, 0x50, 0x0,
    0x0, 0x6f, 0x20, 0x8, 0x80, 0x6c, 0x0, 0x0,
    0x0, 0xa, 0x35, 0xee, 0xdd, 0xfe, 0xde, 0x0,
    0x0, 0x0, 0x1, 0x33, 0x3f, 0x53, 0x33, 0x0,
    0x1, 0x0, 0x0, 0x0, 0xf, 0x10, 0x0, 0x0,
    0xf, 0xff, 0x14, 0x44, 0x5f, 0x54, 0x44, 0x20,
    0x3, 0x4f, 0x1b, 0xcc, 0xdf, 0xcc, 0xcc, 0x50,
    0x0, 0x2f, 0x10, 0x0, 0x9f, 0x80, 0x0, 0x0,
    0x0, 0x2f, 0x10, 0x5, 0xf4, 0xbd, 0x30, 0x0,
    0x0, 0x2f, 0x10, 0x7f, 0x50, 0x7, 0xf8, 0x0,
    0x0, 0x3f, 0x35, 0xe3, 0x0, 0x0, 0x56, 0x0,
    0x6, 0xfb, 0xea, 0x63, 0x22, 0x22, 0x35, 0x60,
    0xb, 0x50, 0x18, 0xce, 0xff, 0xff, 0xff, 0x90,
    0x0, 0x0, 0x0, 0x0, 0x0, 0x0, 0x0, 0x0,

    /* U+901A "通" */
    0x0, 0x0, 0x0, 0x0, 0x0, 0x0, 0x0, 0x0,
    0x4, 0xa0, 0xd, 0xff, 0xff, 0xff, 0xf6, 0x0,
    0x2, 0xf7, 0x0, 0x3, 0x80, 0x4e, 0x40, 0x0,
    0x0, 0x57, 0x0, 0x1, 0xbe, 0xd2, 0x0, 0x0,
    0x0, 0x0, 0xe, 0xff, 0xff, 0xff, 0xff, 0x0,
    0x38, 0x82, 0xe, 0x30, 0xf, 0x10, 0x1f, 0x0,
    0x27, 0xd5, 0xe, 0xff, 0xff, 0xff, 0xff, 0x0,
    0x0, 0xc4, 0xd, 0x30, 0x1f, 0x20, 0x2f, 0x0,
    0x0, 0xc4, 0xd, 0x41, 0x1f, 0x21, 0x2f, 0x0,
    0x0, 0xc4, 0xe, 0xee, 0xef, 0xee, 0xef, 0x0,
    0x0, 0xc4, 0xe, 0x30, 0xf, 0x12, 0x7f, 0x0,
    0x0, 0xc9, 0xe, 0x30, 0xf, 0x14, 0xfc, 0x0,
    0x9, 0xcb, 0xef, 0x85, 0x4a, 0x44, 0x95, 0x50,
    0x6d, 0x0, 0x16, 0xac, 0xde, 0xef, 0xff, 0xc0,
    0x1, 0x0, 0x0, 0x0, 0x0, 0x0, 0x0, 0x0,

    /* U+91CD "重" */
    0x0, 0x0, 0x0, 0x0, 0x2, 0x47, 0x60, 0x0,
    0x9, 0xbc, 0xde, 0xff, 0xdc, 0xb9, 0x0, 0x0,
    0x23, 0x21, 0xe, 0x50, 0x0, 0x0, 0x3, 0xdc,
    0xcc, 0xcc, 0xfd, 0xcc, 0xcc, 0xca, 0x2, 0x22,
    0x22, 0x2e, 0x62, 0x22, 0x22, 0x20, 0x0, 0xcd,
    0xdd, 0xfe, 0xdd, 0xdd, 0x0, 0x0, 0xe, 0x62,
    0x2e, 0x62, 0x26, 0xe0, 0x0, 0x0, 0xde, 0xee,
    0xfe, 0xee, 0xee, 0x0, 0x0, 0xe, 0x72, 0x2e,
    0x72, 0x27, 0xe0, 0x0, 0x0, 0xef, 0xff, 0xff,
    0xff, 0xff, 0x0, 0x0, 0x0, 0x0, 0xe, 0x50,
    0x0, 0x0, 0x0, 0xd, 0xee, 0xee, 0xfe, 0xee,
    0xef, 0x80, 0x0, 0x0, 0x0, 0xe, 0x50, 0x0,
    0x0, 0x1, 0xff, 0xff, 0xff, 0xff, 0xff, 0xff,
    0xfb,

    /* U+949F "钟" */
    0x0, 0x1d, 0x40, 0x0, 0x0, 0xf4, 0x0, 0x0,
    0x6, 0xf3, 0x0, 0x0, 0xf, 0x40, 0x0, 0x0,
    0xdd, 0x34, 0x0, 0x0, 0xf4, 0x0, 0x0, 0x9f,
    0xcc, 0xd3, 0x77, 0x7f, 0x97, 0x72, 0x5f, 0x60,
    0x0, 0x1f, 0x76, 0xf8, 0x6f, 0x42, 0x6d, 0xff,
    0xd0, 0xf2, 0xf, 0x40, 0xe4, 0x0, 0xe, 0x40,
    0xf, 0x20, 0xf4, 0xe, 0x40, 0x0, 0xe4, 0x0,
    0xf2, 0xf, 0x40, 0xe4, 0xb, 0xff, 0xff, 0x4f,
    0x53, 0xf6, 0x3f, 0x40, 0x22, 0xe6, 0x31, 0xfc,
    0xcf, 0xdc, 0xf4, 0x0, 0xe, 0x41, 0x1b, 0x10,
    0xf4, 0xa, 0x30, 0x0, 0xe7, 0xe1, 0x0, 0xf,
    0x40, 0x0, 0x0, 0x1f, 0xf9, 0x0, 0x0, 0xf4,
    0x0, 0x0, 0x5, 0xf8, 0x0, 0x0, 0xf, 0x40,
    0x0, 0x0, 0x5, 0x0, 0x0, 0x0, 0xf5, 0x0,
    0x0,

    /* U+957F "长" */
    0x0, 0x0, 0xe7, 0x0, 0x0, 0x96, 0x0, 0x0,
    0x0, 0xd, 0x60, 0x0, 0x5f, 0x80, 0x0, 0x0,
    0x0, 0xd6, 0x0, 0x4f, 0x80, 0x0, 0x0, 0x0,
    0xd, 0x60, 0x4f, 0x80, 0x0, 0x0, 0x0, 0x0,
    0xd6, 0x4f, 0x80, 0x0, 0x0, 0x0, 0x0, 0xd,
    0x60, 0x70, 0x0, 0x0, 0x0, 0x4f, 0xff, 0xff,
    0xff, 0xff, 0xff, 0xff, 0xb0, 0x22, 0x2d, 0x72,
    0x4f, 0x32, 0x22, 0x22, 0x0, 0x0, 0xd6, 0x0,
    0xd9, 0x0, 0x0, 0x0, 0x0, 0xd, 0x60, 0x4,
    0xf3, 0x0, 0x0, 0x0, 0x0, 0xd6, 0x5, 0xa,
    0xe3, 0x0, 0x0, 0x0, 0xd, 0x7a, 0xf7, 0xc,
    0xf6, 0x0, 0x0, 0x0, 0xff, 0xe4, 0x0, 0x9,
    0xfd, 0x30, 0x0, 0x2f, 0xa0, 0x0, 0x0, 0x4,
    0x90, 0x0, 0x0, 0x20, 0x0, 0x0, 0x0, 0x0,
    0x0,

    /* U+95ED "闭" */
    0x0, 0x94, 0x0, 0x0, 0x0, 0x0, 0x0, 0x0,
    0x8f, 0x20, 0xdf, 0xff, 0xff, 0xff, 0x2, 0x7,
    0x30, 0x23, 0x72, 0x22, 0x6f, 0x6f, 0x0, 0x0,
    0x3, 0xf1, 0x0, 0x5e, 0x5e, 0x0, 0x0, 0x3,
    0xf0, 0x0, 0x5e, 0x5e, 0x2f, 0xff, 0xff, 0xff,
    0xf6, 0x5e, 0x5e, 0x3, 0x22, 0x7f, 0xf3, 0x31,
    0x5e, 0x5e, 0x0, 0x0, 0xda, 0xf0, 0x0, 0x5e,
    0x5e, 0x0, 0xa, 0xd3, 0xf0, 0x0, 0x5e, 0x5e,
    0x0, 0xae, 0x23, 0xf0, 0x0, 0x5e, 0x5e, 0x4e,
    0xe3, 0x3, 0xf0, 0x0, 0x5e, 0x5e, 0x29, 0x10,
    0x7, 0xf0, 0x0, 0x5e, 0x5e, 0x0, 0x0, 0xcf,
    0xa0, 0x25, 0xae, 0x6e, 0x0, 0x0, 0x21, 0x0,
    0x2f, 0xd6, 0x0, 0x0, 0x0, 0x0, 0x0, 0x0,
    0x0,

    /* U+95F4 "间" */
    0x0, 0x0, 0x0, 0x0, 0x0, 0x0, 0x0, 0x0,
    0xc6, 0x0, 0x0, 0x0, 0x0, 0x0, 0x0, 0x5f,
    0x36, 0xff, 0xff, 0xff, 0xf6, 0x25, 0x6, 0x30,
    0x11, 0x11, 0x11, 0xd6, 0x6f, 0x0, 0x0, 0x0,
    0x0, 0x0, 0xd6, 0x5e, 0x0, 0xff, 0xff, 0xff,
    0x40, 0xd6, 0x5e, 0x0, 0xf4, 0x0, 0xf, 0x30,
    0xd6, 0x5e, 0x0, 0xf3, 0x0, 0xf, 0x30, 0xd6,
    0x5e, 0x0, 0xff, 0xff, 0xff, 0x30, 0xd6, 0x5e,
    0x0, 0xf4, 0x0, 0xf, 0x30, 0xd6, 0x5e, 0x0,
    0xf3, 0x0, 0xf, 0x30, 0xd6, 0x5e, 0x0, 0xfd,
    0xcc, 0xcf, 0x40, 0xd6, 0x5e, 0x0, 0x33, 0x33,
    0x33, 0x10, 0xd6, 0x6f, 0x0, 0x0, 0x0, 0x0,
    0x14, 0xf5, 0x6f, 0x0, 0x0, 0x0, 0x0, 0x4f,
    0xd1, 0x0, 0x0, 0x0, 0x0, 0x0, 0x1, 0x0,

    /* U+9875 "页" */
    0x0, 0x0, 0x0, 0x0, 0x0, 0x0, 0x0, 0x8f,
    0xff, 0xff, 0xff, 0xff, 0xff, 0xfe, 0x12, 0x22,
    0x22, 0xaa, 0x22, 0x22, 0x22, 0x0, 0x0, 0x0,
    0xb7, 0x0, 0x0, 0x0, 0x0, 0xbf, 0xff, 0xff,
    0xff, 0xff, 0x20, 0x0, 0xb9, 0x0, 0x0, 0x0,
    0x3f, 0x20, 0x0, 0xb9, 0x0, 0x97, 0x0, 0x3f,
    0x20, 0x0, 0xb9, 0x0, 0xd8, 0x0, 0x3f, 0x20,
    0x0, 0xb9, 0x0, 0xf5, 0x0, 0x3f, 0x20, 0x0,
    0xb9, 0x2, 0xf1, 0x0, 0x3f, 0x20, 0x0, 0x97,
    0x9, 0xc0, 0x41, 0x18, 0x10, 0x0, 0x0, 0x7f,
    0x30, 0xcf, 0x70, 0x0, 0x0, 0x5c, 0xf4, 0x0,
    0x5, 0xed, 0x40, 0x7f, 0xf9, 0x10, 0x0, 0x0,
    0x9, 0xf3, 0x5, 0x0, 0x0, 0x0, 0x0, 0x0,
    0x30,

    /* U+987B "须" */
    0x0, 0x1, 0x20, 0x0, 0x0, 0x0, 0x0, 0x0,
    0x0, 0xa, 0xd1, 0xef, 0xff, 0xff, 0xff, 0xf1,
    0x0, 0x5f, 0x30, 0x0, 0x7, 0xc0, 0x0, 0x0,
    0x4, 0xf7, 0x0, 0x0, 0x9, 0x90, 0x0, 0x0,
    0xc, 0xa0, 0x10, 0x4f, 0xff, 0xff, 0xff, 0x0,
    0x0, 0x2, 0xf6, 0x3f, 0x0, 0x0, 0x2f, 0x0,
    0x0, 0x1d, 0xa0, 0x3f, 0x4, 0xe2, 0x2f, 0x0,
    0x1, 0xdc, 0x0, 0x3f, 0x5, 0xf0, 0x2f, 0x0,
    0x1e, 0xc1, 0x20, 0x3f, 0x5, 0xe0, 0x2f, 0x0,
    0x2, 0x0, 0xdc, 0x4f, 0x7, 0xc0, 0x2f, 0x0,
    0x0, 0xa, 0xe2, 0x4f, 0xc, 0x80, 0x2f, 0x0,
    0x0, 0x9f, 0x40, 0x2, 0x5f, 0x3b, 0x50, 0x0,
    0x1b, 0xf5, 0x0, 0x8, 0xf7, 0x8, 0xfa, 0x10,
    0x2b, 0x40, 0x1a, 0xff, 0x60, 0x0, 0x2d, 0xc0,
    0x0, 0x0, 0x5, 0xa1, 0x0, 0x0, 0x0, 0x30,

    /* U+9A8C "验" */
    0x0, 0x0, 0x0, 0x0, 0x0, 0x0, 0x0, 0x0,
    0x0, 0x0, 0x0, 0x0, 0x9, 0xf2, 0x0, 0x0,
    0x1f, 0xff, 0xfb, 0x0, 0xe, 0xc8, 0x0, 0x0,
    0x1, 0x0, 0x8a, 0x0, 0x7c, 0x1e, 0x30, 0x0,
    0x2, 0x30, 0x98, 0x2, 0xf4, 0x6, 0xe3, 0x0,
    0x7, 0xb0, 0xa7, 0x1d, 0xa1, 0x11, 0x8f, 0x91,
    0x7, 0x90, 0xb6, 0xbe, 0xcf, 0xff, 0xf5, 0xe2,
    0x7, 0x90, 0xc4, 0x2, 0x0, 0x0, 0x0, 0x0,
    0x8, 0x91, 0xd4, 0x0, 0x12, 0x60, 0x16, 0x0,
    0x8, 0xff, 0xff, 0x68, 0x93, 0xe0, 0x6d, 0x0,
    0x0, 0x0, 0xe, 0x53, 0xd0, 0xf0, 0x98, 0x0,
    0x14, 0x68, 0x4f, 0x40, 0xe1, 0xd3, 0xd3, 0x0,
    0x3f, 0xb8, 0x2f, 0x20, 0xa4, 0x22, 0xe0, 0x0,
    0x0, 0x0, 0x1f, 0x11, 0x0, 0x7, 0xa0, 0x10,
    0x0, 0x1b, 0xdf, 0x1f, 0xff, 0xff, 0xff, 0xb0,
    0x0, 0x9, 0x73, 0x0, 0x0, 0x0, 0x0, 0x0,

    /* U+FF0C "，" */
    0x6, 0x61, 0xf, 0xf3, 0xf, 0xf3, 0x0, 0xe2,
    0x8, 0xa0, 0x3, 0x0
};


/*---------------------
 *  GLYPH DESCRIPTION
 *--------------------*/

static const lv_font_fmt_txt_glyph_dsc_t glyph_dsc[] = {
    {.bitmap_index = 0, .adv_w = 0, .box_w = 0, .box_h = 0, .ofs_x = 0, .ofs_y = 0} /* id = 0 reserved */,
    {.bitmap_index = 0, .adv_w = 128, .box_w = 0, .box_h = 0, .ofs_x = 0, .ofs_y = 0},
    {.bitmap_index = 0, .adv_w = 128, .box_w = 2, .box_h = 12, .ofs_x = 3, .ofs_y = 0},
    {.bitmap_index = 12, .adv_w = 128, .box_w = 4, .box_h = 4, .ofs_x = 2, .ofs_y = 8},
    {.bitmap_index = 20, .adv_w = 128, .box_w = 8, .box_h = 12, .ofs_x = 0, .ofs_y = 0},
    {.bitmap_index = 68, .adv_w = 128, .box_w = 7, .box_h = 15, .ofs_x = 0, .ofs_y = -2},
    {.bitmap_index = 121, .adv_w = 128, .box_w = 8, .box_h = 12, .ofs_x = 0, .ofs_y = 0},
    {.bitmap_index = 169, .adv_w = 128, .box_w = 8, .box_h = 12, .ofs_x = 0, .ofs_y = 0},
    {.bitmap_index = 217, .adv_w = 128, .box_w = 3, .box_h = 4, .ofs_x = 2, .ofs_y = 8},
    {.bitmap_index = 223, .adv_w = 128, .box_w = 5, .box_h = 16, .ofs_x = 3, .ofs_y = -2},
    {.bitmap_index = 263, .adv_w = 128, .box_w = 5, .box_h = 16, .ofs_x = 0, .ofs_y = -2},
    {.bitmap_index = 303, .adv_w = 128, .box_w = 8, .box_h = 9, .ofs_x = 0, .ofs_y = 3},
    {.bitmap_index = 339, .adv_w = 128, .box_w = 8, .box_h = 8, .ofs_x = 0, .ofs_y = 2},
    {.bitmap_index = 371, .adv_w = 128, .box_w = 2, .box_h = 4, .ofs_x = 1, .ofs_y = -2},
    {.bitmap_index = 375, .adv_w = 128, .box_w = 8, .box_h = 2, .ofs_x = 0, .ofs_y = 5},
    {.bitmap_index = 383, .adv_w = 128, .box_w = 2, .box_h = 2, .ofs_x = 1, .ofs_y = 0},
    {.bitmap_index = 385, .adv_w = 128, .box_w = 8, .box_h = 14, .ofs_x = 0, .ofs_y = -1},
    {.bitmap_index = 441, .adv_w = 128, .box_w = 8, .box_h = 13, .ofs_x = 0, .ofs_y = -1},
    {.bitmap_index = 493, .adv_w = 128, .box_w = 4, .box_h = 12, .ofs_x = 1, .ofs_y = 0},
    {.bitmap_index = 517, .adv_w = 128, .box_w = 8, .box_h = 13, .ofs_x = 0, .ofs_y = 0},
    {.bitmap_index = 569, .adv_w = 128, .box_w = 8, .box_h = 12, .ofs_x = 0, .ofs_y = 0},
    {.bitmap_index = 617, .adv_w = 128, .box_w = 8, .box_h = 12, .ofs_x = 0, .ofs_y = 0},
    {.bitmap_index = 665, .adv_w = 128, .box_w = 8, .box_h = 12, .ofs_x = 0, .ofs_y = 0},
    {.bitmap_index = 713, .adv_w = 128, .box_w = 8, .box_h = 12, .ofs_x = 0, .ofs_y = 0},
    {.bitmap_index = 761, .adv_w = 128, .box_w = 8, .box_h = 12, .ofs_x = 0, .ofs_y = 0},
    {.bitmap_index = 809, .adv_w = 128, .box_w = 8, .box_h = 12, .ofs_x = 0, .ofs_y = 0},
    {.bitmap_index = 857, .adv_w = 128, .box_w = 8, .box_h = 12, .ofs_x = 0, .ofs_y = 0},
    {.bitmap_index = 905, .adv_w = 128, .box_w = 2, .box_h = 8, .ofs_x = 3, .ofs_y = 0},
    {.bitmap_index = 913, .adv_w = 128, .box_w = 2, .box_h = 10, .ofs_x = 3, .ofs_y = -2},
    {.bitmap_index = 923, .adv_w = 128, .box_w = 8, .box_h = 14, .ofs_x = 0, .ofs_y = -1},
    {.bitmap_index = 979, .adv_w = 128, .box_w = 8, .box_h = 6, .ofs_x = 0, .ofs_y = 3},
    {.bitmap_index = 1003, .adv_w = 128, .box_w = 8, .box_h = 14, .ofs_x = 0, .ofs_y = -1},
    {.bitmap_index = 1059, .adv_w = 128, .box_w = 7, .box_h = 12, .ofs_x = 0, .ofs_y = 0},
    {.bitmap_index = 1101, .adv_w = 128, .box_w = 8, .box_h = 12, .ofs_x = 0, .ofs_y = 0},
    {.bitmap_index = 1149, .adv_w = 128, .box_w = 8, .box_h = 12, .ofs_x = 0, .ofs_y = 0},
    {.bitmap_index = 1197, .adv_w = 128, .box_w = 8, .box_h = 12, .ofs_x = 0, .ofs_y = 0},
    {.bitmap_index = 1245, .adv_w = 128, .box_w = 8, .box_h = 12, .ofs_x = 0, .ofs_y = 0},
    {.bitmap_index = 1293, .adv_w = 128, .box_w = 8, .box_h = 12, .ofs_x = 0, .ofs_y = 0},
    {.bitmap_index = 1341, .adv_w = 128, .box_w = 8, .box_h = 12, .ofs_x = 0, .ofs_y = 0},
    {.bitmap_index = 1389, .adv_w = 128, .box_w = 8, .box_h = 12, .ofs_x = 0, .ofs_y = 0},
    {.bitmap_index = 1437, .adv_w = 128, .box_w = 8, .box_h = 12, .ofs_x = 0, .ofs_y = 0},
    {.bitmap_index = 1485, .adv_w = 128, .box_w = 8, .box_h = 12, .ofs_x = 0, .ofs_y = 0},
    {.bitmap_index = 1533, .adv_w = 128, .box_w = 2, .box_h = 12, .ofs_x = 3, .ofs_y = 0},
    {.bitmap_index = 1545, .adv_w = 128, .box_w = 7, .box_h = 12, .ofs_x = 0, .ofs_y = 0},
    {.bitmap_index = 1587, .adv_w = 128, .box_w = 8, .box_h = 12, .ofs_x = 0, .ofs_y = 0},
    {.bitmap_index = 1635, .adv_w = 128, .box_w = 8, .box_h = 12, .ofs_x = 0, .ofs_y = 0},
    {.bitmap_index = 1683, .adv_w = 128, .box_w = 8, .box_h = 12, .ofs_x = 0, .ofs_y = 0},
    {.bitmap_index = 1731, .adv_w = 128, .box_w = 8, .box_h = 12, .ofs_x = 0, .ofs_y = 0},
    {.bitmap_index = 1779, .adv_w = 128, .box_w = 8, .box_h = 12, .ofs_x = 0, .ofs_y = 0},
    {.bitmap_index = 1827, .adv_w = 128, .box_w = 8, .box_h = 12, .ofs_x = 0, .ofs_y = 0},
    {.bitmap_index = 1875, .adv_w = 128, .box_w = 8, .box_h = 13, .ofs_x = 0, .ofs_y = -1},
    {.bitmap_index = 1927, .adv_w = 128, .box_w = 8, .box_h = 12, .ofs_x = 0, .ofs_y = 0},
    {.bitmap_index = 1975, .adv_w = 128, .box_w = 8, .box_h = 12, .ofs_x = 0, .ofs_y = 0},
    {.bitmap_index = 2023, .adv_w = 128, .box_w = 8, .box_h = 12, .ofs_x = 0, .ofs_y = 0},
    {.bitmap_index = 2071, .adv_w = 128, .box_w = 8, .box_h = 12, .ofs_x = 0, .ofs_y = 0},
    {.bitmap_index = 2119, .adv_w = 128, .box_w = 8, .box_h = 12, .ofs_x = 0, .ofs_y = 0},
    {.bitmap_index = 2167, .adv_w = 128, .box_w = 8, .box_h = 12, .ofs_x = 0, .ofs_y = 0},
    {.bitmap_index = 2215, .adv_w = 128, .box_w = 8, .box_h = 12, .ofs_x = 0, .ofs_y = 0},
    {.bitmap_index = 2263, .adv_w = 128, .box_w = 8, .box_h = 12, .ofs_x = 0, .ofs_y = 0},
    {.bitmap_index = 2311, .adv_w = 128, .box_w = 8, .box_h = 12, .ofs_x = 0, .ofs_y = 0},
    {.bitmap_index = 2359, .adv_w = 128, .box_w = 5, .box_h = 16, .ofs_x = 3, .ofs_y = -2},
    {.bitmap_index = 2399, .adv_w = 128, .box_w = 8, .box_h = 14, .ofs_x = 0, .ofs_y = -2},
    {.bitmap_index = 2455, .adv_w = 128, .box_w = 5, .box_h = 16, .ofs_x = 0, .ofs_y = -2},
    {.bitmap_index = 2495, .adv_w = 128, .box_w = 7, .box_h = 3, .ofs_x = 0, .ofs_y = 11},
    {.bitmap_index = 2506, .adv_w = 128, .box_w = 8, .box_h = 1, .ofs_x = 0, .ofs_y = -2},
    {.bitmap_index = 2510, .adv_w = 128, .box_w = 4, .box_h = 3, .ofs_x = 2, .ofs_y = 11},
    {.bitmap_index = 2516, .adv_w = 128, .box_w = 8, .box_h = 8, .ofs_x = 0, .ofs_y = 0},
    {.bitmap_index = 2548, .adv_w = 128, .box_w = 8, .box_h = 12, .ofs_x = 0, .ofs_y = 0},
    {.bitmap_index = 2596, .adv_w = 128, .box_w = 8, .box_h = 8, .ofs_x = 0, .ofs_y = 0},
    {.bitmap_index = 2628, .adv_w = 128, .box_w = 7, .box_h = 12, .ofs_x = 0, .ofs_y = 0},
    {.bitmap_index = 2670, .adv_w = 128, .box_w = 8, .box_h = 8, .ofs_x = 0, .ofs_y = 0},
    {.bitmap_index = 2702, .adv_w = 128, .box_w = 8, .box_h = 12, .ofs_x = 0, .ofs_y = 0},
    {.bitmap_index = 2750, .adv_w = 128, .box_w = 8, .box_h = 11, .ofs_x = 0, .ofs_y = -2},
    {.bitmap_index = 2794, .adv_w = 128, .box_w = 7, .box_h = 12, .ofs_x = 0, .ofs_y = 0},
    {.bitmap_index = 2836, .adv_w = 128, .box_w = 2, .box_h = 12, .ofs_x = 3, .ofs_y = 0},
    {.bitmap_index = 2848, .adv_w = 128, .box_w = 5, .box_h = 14, .ofs_x = 1, .ofs_y = -2},
    {.bitmap_index = 2883, .adv_w = 128, .box_w = 8, .box_h = 12, .ofs_x = 0, .ofs_y = 0},
    {.bitmap_index = 2931, .adv_w = 128, .box_w = 2, .box_h = 12, .ofs_x = 3, .ofs_y = 0},
    {.bitmap_index = 2943, .adv_w = 128, .box_w = 8, .box_h = 8, .ofs_x = 0, .ofs_y = 0},
    {.bitmap_index = 2975, .adv_w = 128, .box_w = 7, .box_h = 8, .ofs_x = 0, .ofs_y = 0},
    {.bitmap_index = 3003, .adv_w = 128, .box_w = 8, .box_h = 8, .ofs_x = 0, .ofs_y = 0},
    {.bitmap_index = 3035, .adv_w = 128, .box_w = 8, .box_h = 10, .ofs_x = 0, .ofs_y = -2},
    {.bitmap_index = 3075, .adv_w = 128, .box_w = 7, .box_h = 10, .ofs_x = 0, .ofs_y = -2},
    {.bitmap_index = 3110, .adv_w = 128, .box_w = 6, .box_h = 8, .ofs_x = 1, .ofs_y = 0},
    {.bitmap_index = 3134, .adv_w = 128, .box_w = 6, .box_h = 8, .ofs_x = 1, .ofs_y = 0},
    {.bitmap_index = 3158, .adv_w = 128, .box_w = 7, .box_h = 11, .ofs_x = 0, .ofs_y = 0},
    {.bitmap_index = 3197, .adv_w = 128, .box_w = 7, .box_h = 8, .ofs_x = 0, .ofs_y = 0},
    {.bitmap_index = 3225, .adv_w = 128, .box_w = 8, .box_h = 8, .ofs_x = 0, .ofs_y = 0},
    {.bitmap_index = 3257, .adv_w = 128, .box_w = 8, .box_h = 8, .ofs_x = 0, .ofs_y = 0},
    {.bitmap_index = 3289, .adv_w = 128, .box_w = 8, .box_h = 8, .ofs_x = 0, .ofs_y = 0},
    {.bitmap_index = 3321, .adv_w = 128, .box_w = 8, .box_h = 10, .ofs_x = 0, .ofs_y = -2},
    {.bitmap_index = 3361, .adv_w = 128, .box_w = 7, .box_h = 8, .ofs_x = 0, .ofs_y = 0},
    {.bitmap_index = 3389, .adv_w = 128, .box_w = 4, .box_h = 15, .ofs_x = 3, .ofs_y = -2},
    {.bitmap_index = 3419, .adv_w = 128, .box_w = 2, .box_h = 17, .ofs_x = 3, .ofs_y = -2},
    {.bitmap_index = 3436, .adv_w = 128, .box_w = 5, .box_h = 15, .ofs_x = 0, .ofs_y = -2},
    {.bitmap_index = 3474, .adv_w = 128, .box_w = 8, .box_h = 5, .ofs_x = 0, .ofs_y = 11},
    {.bitmap_index = 3494, .adv_w = 256, .box_w = 4, .box_h = 5, .ofs_x = 2, .ofs_y = -1},
    {.bitmap_index = 3504, .adv_w = 256, .box_w = 16, .box_h = 14, .ofs_x = 0, .ofs_y = -1},
    {.bitmap_index = 3616, .adv_w = 256, .box_w = 14, .box_h = 14, .ofs_x = 1, .ofs_y = -1},
    {.bitmap_index = 3714, .adv_w = 256, .box_w = 15, .box_h = 14, .ofs_x = 0, .ofs_y = -1},
    {.bitmap_index = 3819, .adv_w = 256, .box_w = 15, .box_h = 15, .ofs_x = 1, .ofs_y = -2},
    {.bitmap_index = 3932, .adv_w = 256, .box_w = 16, .box_h = 15, .ofs_x = 0, .ofs_y = -2},
    {.bitmap_index = 4052, .adv_w = 256, .box_w = 13, .box_h = 15, .ofs_x = 1, .ofs_y = -2},
    {.bitmap_index = 4150, .adv_w = 256, .box_w = 12, .box_h = 14, .ofs_x = 2, .ofs_y = -1},
    {.bitmap_index = 4234, .adv_w = 256, .box_w = 16, .box_h = 16, .ofs_x = 0, .ofs_y = -2},
    {.bitmap_index = 4362, .adv_w = 256, .box_w = 16, .box_h = 15, .ofs_x = 0, .ofs_y = -2},
    {.bitmap_index = 4482, .adv_w = 256, .box_w = 16, .box_h = 16, .ofs_x = 0, .ofs_y = -2},
    {.bitmap_index = 4610, .adv_w = 256, .box_w = 16, .box_h = 14, .ofs_x = 0, .ofs_y = -1},
    {.bitmap_index = 4722, .adv_w = 256, .box_w = 16, .box_h = 16, .ofs_x = 0, .ofs_y = -2},
    {.bitmap_index = 4850, .adv_w = 256, .box_w = 16, .box_h = 15, .ofs_x = 0, .ofs_y = -2},
    {.bitmap_index = 4970, .adv_w = 256, .box_w = 16, .box_h = 14, .ofs_x = 0, .ofs_y = -1},
    {.bitmap_index = 5082, .adv_w = 256, .box_w = 16, .box_h = 15, .ofs_x = 0, .ofs_y = -2},
    {.bitmap_index = 5202, .adv_w = 256, .box_w = 14, .box_h = 15, .ofs_x = 1, .ofs_y = -2},
    {.bitmap_index = 5307, .adv_w = 256, .box_w = 16, .box_h = 15, .ofs_x = 0, .ofs_y = -2},
    {.bitmap_index = 5427, .adv_w = 256, .box_w = 14, .box_h = 16, .ofs_x = 1, .ofs_y = -2},
    {.bitmap_index = 5539, .adv_w = 256, .box_w = 14, .box_h = 14, .ofs_x = 1, .ofs_y = -2},
    {.bitmap_index = 5637, .adv_w = 256, .box_w = 15, .box_h = 16, .ofs_x = 1, .ofs_y = -2},
    {.bitmap_index = 5757, .adv_w = 256, .box_w = 15, .box_h = 15, .ofs_x = 0, .ofs_y = -2},
    {.bitmap_index = 5870, .adv_w = 256, .box_w = 15, .box_h = 15, .ofs_x = 0, .ofs_y = -2},
    {.bitmap_index = 5983, .adv_w = 256, .box_w = 16, .box_h = 16, .ofs_x = 0, .ofs_y = -2},
    {.bitmap_index = 6111, .adv_w = 256, .box_w = 15, .box_h = 15, .ofs_x = 0, .ofs_y = -2},
    {.bitmap_index = 6224, .adv_w = 256, .box_w = 16, .box_h = 15, .ofs_x = 0, .ofs_y = -2},
    {.bitmap_index = 6344, .adv_w = 256, .box_w = 16, .box_h = 14, .ofs_x = 0, .ofs_y = -1},
    {.bitmap_index = 6456, .adv_w = 256, .box_w = 16, .box_h = 15, .ofs_x = 0, .ofs_y = -2},
    {.bitmap_index = 6576, .adv_w = 256, .box_w = 15, .box_h = 15, .ofs_x = 0, .ofs_y = -2},
    {.bitmap_index = 6689, .adv_w = 256, .box_w = 16, .box_h = 15, .ofs_x = 0, .ofs_y = -2},
    {.bitmap_index = 6809, .adv_w = 256, .box_w = 12, .box_h = 12, .ofs_x = 2, .ofs_y = -1},
    {.bitmap_index = 6881, .adv_w = 256, .box_w = 15, .box_h = 15, .ofs_x = 0, .ofs_y = -2},
    {.bitmap_index = 6994, .adv_w = 256, .box_w = 14, .box_h = 14, .ofs_x = 1, .ofs_y = -2},
    {.bitmap_index = 7092, .adv_w = 256, .box_w = 16, .box_h = 15, .ofs_x = 0, .ofs_y = -2},
    {.bitmap_index = 7212, .adv_w = 256, .box_w = 16, .box_h = 14, .ofs_x = 0, .ofs_y = -1},
    {.bitmap_index = 7324, .adv_w = 256, .box_w = 16, .box_h = 15, .ofs_x = 0, .ofs_y = -2},
    {.bitmap_index = 7444, .adv_w = 256, .box_w = 16, .box_h = 16, .ofs_x = 0, .ofs_y = -2},
    {.bitmap_index = 7572, .adv_w = 256, .box_w = 15, .box_h = 16, .ofs_x = 1, .ofs_y = -2},
    {.bitmap_index = 7692, .adv_w = 256, .box_w = 16, .box_h = 16, .ofs_x = 0, .ofs_y = -2},
    {.bitmap_index = 7820, .adv_w = 256, .box_w = 14, .box_h = 15, .ofs_x = 1, .ofs_y = -2},
    {.bitmap_index = 7925, .adv_w = 256, .box_w = 16, .box_h = 14, .ofs_x = 0, .ofs_y = -2},
    {.bitmap_index = 8037, .adv_w = 256, .box_w = 14, .box_h = 14, .ofs_x = 1, .ofs_y = -1},
    {.bitmap_index = 8135, .adv_w = 256, .box_w = 16, .box_h = 15, .ofs_x = 0, .ofs_y = -2},
    {.bitmap_index = 8255, .adv_w = 256, .box_w = 14, .box_h = 15, .ofs_x = 1, .ofs_y = -2},
    {.bitmap_index = 8360, .adv_w = 256, .box_w = 16, .box_h = 16, .ofs_x = 0, .ofs_y = -2},
    {.bitmap_index = 8488, .adv_w = 256, .box_w = 15, .box_h = 16, .ofs_x = 0, .ofs_y = -2},
    {.bitmap_index = 8608, .adv_w = 256, .box_w = 16, .box_h = 14, .ofs_x = 0, .ofs_y = -1},
    {.bitmap_index = 8720, .adv_w = 256, .box_w = 16, .box_h = 16, .ofs_x = 0, .ofs_y = -2},
    {.bitmap_index = 8848, .adv_w = 256, .box_w = 14, .box_h = 15, .ofs_x = 1, .ofs_y = -2},
    {.bitmap_index = 8953, .adv_w = 256, .box_w = 16, .box_h = 15, .ofs_x = 0, .ofs_y = -2},
    {.bitmap_index = 9073, .adv_w = 256, .box_w = 16, .box_h = 16, .ofs_x = 0, .ofs_y = -2},
    {.bitmap_index = 9201, .adv_w = 256, .box_w = 16, .box_h = 15, .ofs_x = 0, .ofs_y = -2},
    {.bitmap_index = 9321, .adv_w = 256, .box_w = 16, .box_h = 14, .ofs_x = 0, .ofs_y = -1},
    {.bitmap_index = 9433, .adv_w = 256, .box_w = 16, .box_h = 15, .ofs_x = 0, .ofs_y = -2},
    {.bitmap_index = 9553, .adv_w = 256, .box_w = 16, .box_h = 15, .ofs_x = 0, .ofs_y = -1},
    {.bitmap_index = 9673, .adv_w = 256, .box_w = 16, .box_h = 16, .ofs_x = 0, .ofs_y = -2},
    {.bitmap_index = 9801, .adv_w = 256, .box_w = 16, .box_h = 15, .ofs_x = 0, .ofs_y = -2},
    {.bitmap_index = 9921, .adv_w = 256, .box_w = 16, .box_h = 15, .ofs_x = 0, .ofs_y = -2},
    {.bitmap_index = 10041, .adv_w = 256, .box_w = 16, .box_h = 15, .ofs_x = 0, .ofs_y = -2},
    {.bitmap_index = 10161, .adv_w = 256, .box_w = 16, .box_h = 15, .ofs_x = 0, .ofs_y = -2},
    {.bitmap_index = 10281, .adv_w = 256, .box_w = 16, .box_h = 15, .ofs_x = 0, .ofs_y = -2},
    {.bitmap_index = 10401, .adv_w = 256, .box_w = 15, .box_h = 14, .ofs_x = 0, .ofs_y = -2},
    {.bitmap_index = 10506, .adv_w = 256, .box_w = 16, .box_h = 16, .ofs_x = 0, .ofs_y = -2},
    {.bitmap_index = 10634, .adv_w = 256, .box_w = 15, .box_h = 15, .ofs_x = 0, .ofs_y = -2},
    {.bitmap_index = 10747, .adv_w = 256, .box_w = 16, .box_h = 16, .ofs_x = 0, .ofs_y = -2},
    {.bitmap_index = 10875, .adv_w = 256, .box_w = 16, .box_h = 16, .ofs_x = 0, .ofs_y = -3},
    {.bitmap_index = 11003, .adv_w = 256, .box_w = 16, .box_h = 15, .ofs_x = 0, .ofs_y = -2},
    {.bitmap_index = 11123, .adv_w = 256, .box_w = 11, .box_h = 13, .ofs_x = 3, .ofs_y = -1},
    {.bitmap_index = 11195, .adv_w = 256, .box_w = 15, .box_h = 15, .ofs_x = 1, .ofs_y = -2},
    {.bitmap_index = 11308, .adv_w = 256, .box_w = 15, .box_h = 14, .ofs_x = 1, .ofs_y = -2},
    {.bitmap_index = 11413, .adv_w = 256, .box_w = 15, .box_h = 14, .ofs_x = 1, .ofs_y = -2},
    {.bitmap_index = 11518, .adv_w = 256, .box_w = 13, .box_h = 14, .ofs_x = 1, .ofs_y = -2},
    {.bitmap_index = 11609, .adv_w = 256, .box_w = 15, .box_h = 15, .ofs_x = 0, .ofs_y = -2},
    {.bitmap_index = 11722, .adv_w = 256, .box_w = 16, .box_h = 14, .ofs_x = 0, .ofs_y = -1},
    {.bitmap_index = 11834, .adv_w = 256, .box_w = 16, .box_h = 15, .ofs_x = 0, .ofs_y = -2},
    {.bitmap_index = 11954, .adv_w = 256, .box_w = 16, .box_h = 16, .ofs_x = 0, .ofs_y = -3},
    {.bitmap_index = 12082, .adv_w = 256, .box_w = 16, .box_h = 16, .ofs_x = 0, .ofs_y = -2},
    {.bitmap_index = 12210, .adv_w = 256, .box_w = 16, .box_h = 15, .ofs_x = 0, .ofs_y = -2},
    {.bitmap_index = 12330, .adv_w = 256, .box_w = 15, .box_h = 13, .ofs_x = 0, .ofs_y = -1},
    {.bitmap_index = 12428, .adv_w = 256, .box_w = 15, .box_h = 13, .ofs_x = 0, .ofs_y = -1},
    {.bitmap_index = 12526, .adv_w = 256, .box_w = 16, .box_h = 16, .ofs_x = 0, .ofs_y = -3},
    {.bitmap_index = 12654, .adv_w = 256, .box_w = 15, .box_h = 15, .ofs_x = 0, .ofs_y = -2},
    {.bitmap_index = 12767, .adv_w = 256, .box_w = 16, .box_h = 15, .ofs_x = 0, .ofs_y = -2},
    {.bitmap_index = 12887, .adv_w = 256, .box_w = 15, .box_h = 15, .ofs_x = 0, .ofs_y = -2},
    {.bitmap_index = 13000, .adv_w = 256, .box_w = 16, .box_h = 16, .ofs_x = 0, .ofs_y = -3},
    {.bitmap_index = 13128, .adv_w = 256, .box_w = 16, .box_h = 15, .ofs_x = 0, .ofs_y = -2},
    {.bitmap_index = 13248, .adv_w = 256, .box_w = 16, .box_h = 15, .ofs_x = 0, .ofs_y = -2},
    {.bitmap_index = 13368, .adv_w = 256, .box_w = 14, .box_h = 14, .ofs_x = 0, .ofs_y = -2},
    {.bitmap_index = 13466, .adv_w = 256, .box_w = 15, .box_h = 15, .ofs_x = 1, .ofs_y = -2},
    {.bitmap_index = 13579, .adv_w = 256, .box_w = 14, .box_h = 16, .ofs_x = 1, .ofs_y = -2},
    {.bitmap_index = 13691, .adv_w = 256, .box_w = 12, .box_h = 13, .ofs_x = 2, .ofs_y = -1},
    {.bitmap_index = 13769, .adv_w = 256, .box_w = 16, .box_h = 15, .ofs_x = 0, .ofs_y = -2},
    {.bitmap_index = 13889, .adv_w = 256, .box_w = 15, .box_h = 16, .ofs_x = 1, .ofs_y = -2},
    {.bitmap_index = 14009, .adv_w = 256, .box_w = 16, .box_h = 16, .ofs_x = 0, .ofs_y = -2},
    {.bitmap_index = 14137, .adv_w = 256, .box_w = 16, .box_h = 15, .ofs_x = 0, .ofs_y = -2},
    {.bitmap_index = 14257, .adv_w = 256, .box_w = 16, .box_h = 16, .ofs_x = 0, .ofs_y = -2},
    {.bitmap_index = 14385, .adv_w = 256, .box_w = 16, .box_h = 15, .ofs_x = 0, .ofs_y = -2},
    {.bitmap_index = 14505, .adv_w = 256, .box_w = 16, .box_h = 15, .ofs_x = 0, .ofs_y = -2},
    {.bitmap_index = 14625, .adv_w = 256, .box_w = 16, .box_h = 16, .ofs_x = 0, .ofs_y = -2},
    {.bitmap_index = 14753, .adv_w = 256, .box_w = 16, .box_h = 15, .ofs_x = 0, .ofs_y = -2},
    {.bitmap_index = 14873, .adv_w = 256, .box_w = 16, .box_h = 15, .ofs_x = 0, .ofs_y = -2},
    {.bitmap_index = 14993, .adv_w = 256, .box_w = 16, .box_h = 16, .ofs_x = 0, .ofs_y = -2},
    {.bitmap_index = 15121, .adv_w = 256, .box_w = 16, .box_h = 15, .ofs_x = 0, .ofs_y = -2},
    {.bitmap_index = 15241, .adv_w = 256, .box_w = 16, .box_h = 15, .ofs_x = 0, .ofs_y = -2},
    {.bitmap_index = 15361, .adv_w = 256, .box_w = 16, .box_h = 15, .ofs_x = 0, .ofs_y = -2},
    {.bitmap_index = 15481, .adv_w = 256, .box_w = 16, .box_h = 15, .ofs_x = 0, .ofs_y = -2},
    {.bitmap_index = 15601, .adv_w = 256, .box_w = 15, .box_h = 14, .ofs_x = 0, .ofs_y = -1},
    {.bitmap_index = 15706, .adv_w = 256, .box_w = 15, .box_h = 15, .ofs_x = 0, .ofs_y = -2},
    {.bitmap_index = 15819, .adv_w = 256, .box_w = 15, .box_h = 15, .ofs_x = 0, .ofs_y = -2},
    {.bitmap_index = 15932, .adv_w = 256, .box_w = 14, .box_h = 15, .ofs_x = 1, .ofs_y = -2},
    {.bitmap_index = 16037, .adv_w = 256, .box_w = 14, .box_h = 16, .ofs_x = 1, .ofs_y = -2},
    {.bitmap_index = 16149, .adv_w = 256, .box_w = 14, .box_h = 15, .ofs_x = 1, .ofs_y = -2},
    {.bitmap_index = 16254, .adv_w = 256, .box_w = 16, .box_h = 15, .ofs_x = 0, .ofs_y = -2},
    {.bitmap_index = 16374, .adv_w = 256, .box_w = 16, .box_h = 16, .ofs_x = 0, .ofs_y = -2},
    {.bitmap_index = 16502, .adv_w = 256, .box_w = 4, .box_h = 6, .ofs_x = 1, .ofs_y = -3}
};

/*---------------------
 *  CHARACTER MAPPING
 *--------------------*/

static const uint16_t unicode_list_1[] = {
    0x0, 0x1e08, 0x1e09, 0x1e0b, 0x1e20, 0x1e28, 0x1e2b, 0x1e30,
    0x1ef4, 0x1f4b, 0x1f57, 0x1fdb, 0x205a, 0x2074, 0x20a6, 0x2163,
    0x216b, 0x216f, 0x2171, 0x2197, 0x2204, 0x2234, 0x2235, 0x224b,
    0x2267, 0x229d, 0x233f, 0x235f, 0x23cf, 0x23d4, 0x23e1, 0x240c,
    0x26dc, 0x2726, 0x272e, 0x292f, 0x2945, 0x2b55, 0x2b56, 0x2c0d,
    0x2c3c, 0x2df0, 0x2e25, 0x2e36, 0x2e72, 0x2e92, 0x2efe, 0x2f0d,
    0x2f51, 0x2f53, 0x2f82, 0x2f83, 0x2fc3, 0x2fd5, 0x2fff, 0x320e,
    0x3251, 0x32ff, 0x3300, 0x336c, 0x3387, 0x352d, 0x3546, 0x356e,
    0x3585, 0x35ae, 0x35de, 0x35e3, 0x35f4, 0x362d, 0x36fe, 0x3706,
    0x371d, 0x3728, 0x3729, 0x377d, 0x381f, 0x383a, 0x3b60, 0x3b61,
    0x3bb3, 0x3cd3, 0x3ce0, 0x3d49, 0x4277, 0x42b4, 0x4385, 0x4526,
    0x4533, 0x4682, 0x46ec, 0x49d0, 0x4a78, 0x4b47, 0x5280, 0x5bd3,
    0x5bf5, 0x5bf9, 0x5d23, 0x5d6e, 0x5ded, 0x5f7b, 0x5fd2, 0x5fd9,
    0x5fff, 0x6018, 0x61cb, 0x649d, 0x657d, 0x65eb, 0x65f2, 0x6873,
    0x6879, 0x6a8a, 0xcf0a
};

/*Collect the unicode lists and glyph_id offsets*/
static const lv_font_fmt_txt_cmap_t cmaps[] =
{
    {
        .range_start = 32, .range_length = 95, .glyph_id_start = 1,
        .unicode_list = NULL, .glyph_id_ofs_list = NULL, .list_length = 0, .type = LV_FONT_FMT_TXT_CMAP_FORMAT0_TINY
    },
    {
        .range_start = 12290, .range_length = 53003, .glyph_id_start = 96,
        .unicode_list = unicode_list_1, .glyph_id_ofs_list = NULL, .list_length = 115, .type = LV_FONT_FMT_TXT_CMAP_SPARSE_TINY
    }
};



/*--------------------
 *  ALL CUSTOM DATA
 *--------------------*/

#if LVGL_VERSION_MAJOR == 8
/*Store all the custom data of the font*/
static  lv_font_fmt_txt_glyph_cache_t cache;
#endif

#if LVGL_VERSION_MAJOR >= 8
static const lv_font_fmt_txt_dsc_t font_dsc = {
#else
static lv_font_fmt_txt_dsc_t font_dsc = {
#endif
    .glyph_bitmap = glyph_bitmap,
    .glyph_dsc = glyph_dsc,
    .cmaps = cmaps,
    .kern_dsc = NULL,
    .kern_scale = 0,
    .cmap_num = 2,
    .bpp = 4,
    .kern_classes = 0,
    .bitmap_format = 0,
#if LVGL_VERSION_MAJOR == 8
    .cache = &cache
#endif
};



/*-----------------
 *  PUBLIC FONT
 *----------------*/

/*Initialize a public general font descriptor*/
#if LVGL_VERSION_MAJOR >= 8
const lv_font_t font_cn_16 = {
#else
lv_font_t font_cn_16 = {
#endif
    .get_glyph_dsc = lv_font_get_glyph_dsc_fmt_txt,    /*Function pointer to get glyph's data*/
    .get_glyph_bitmap = lv_font_get_bitmap_fmt_txt,    /*Function pointer to get glyph's bitmap*/
    .line_height = 19,          /*The maximum line height required by the font*/
    .base_line = 3,             /*Baseline measured from the bottom of the line*/
#if !(LVGL_VERSION_MAJOR == 6 && LVGL_VERSION_MINOR == 0)
    .subpx = LV_FONT_SUBPX_NONE,
#endif
#if LV_VERSION_CHECK(7, 4, 0) || LVGL_VERSION_MAJOR >= 8
    .underline_position = -1,
    .underline_thickness = 1,
#endif
    .dsc = &font_dsc,          /*The custom font data. Will be accessed by `get_glyph_bitmap/dsc` */
#if LV_VERSION_CHECK(8, 2, 0) || LVGL_VERSION_MAJOR >= 9
    .fallback = NULL,
#endif
    .user_data = NULL,
};



#endif /*#if FONT_CN_16*/

